Filename,Category,Summary
resume_1.txt,Objective,ডাটাবেস ইঞ্জিনিয়ার হিসেবে ডায়নামিক টিমে অভিজ্ঞতা সম্পন্ন সফ্টওয়্যার ইঞ্জিনিয়ার হিসেবে কাজ করে জাভা ও স্প্রিং ফ্রেমওয়ার্কের দক্ষতা ব্যবহার করে প্রতিষ্ঠানের সাফল্যে অবদান রাখতে চাই।
resume_1.txt,Experience,ডাটা সলিউশনস লিমিটেডে সিনিয়র সফ্টওয়্যার ইঞ্জিনিয়ার হিসেবে মাইক্রোসার্ভিস আর্কিটেকচার ব্যবহার করে স্কেলেবল ব্যাকএন্ড সিস্টেম ডিজাইন ও ডেভেলপমেন্টে অভিজ্ঞতা অর্জন করেছেন।
resume_1.txt,Education,প্রার্থী ২০১৪ থেকে ২০১৮ পর্যন্ত বাংলাদেশ ইউনিভার্সিটি অফ ইঞ্জিনিয়ারিং অ্যান্ড টেকনোলজি থেকে কম্পিউটার সায়েন্স ও ইঞ্জিনিয়ারিং-এ বি.এসসি. সম্পন্ন করেছেন। সিজিপিএ ৪.০০ এর মধ্যে ৩.৭৫ অর্জন করেছেন।
resume_1.txt,Skill,"প্রার্থী জাভা, পাইথন ও সি++ প্রোগ্রামিং ভাষায় পারদর্শী এবং স্প্রিং বুট, হাইবারনেট ও ডজঙ্গো ফ্রেমওয়ার্কে দক্ষ। তিনি MySQL, PostgreSকিউL এবং MongoDB ব্যবহার করে ডাটাবেজ তৈরি করতে পারদর্শী। এছাড়া Git, Docker, Jenkins, Maven ইত্যাদি টুলস ব্যবহার করে ডেটাবেস পরিচালনা করতে সক্ষম।"
resume_10.txt,Objective,প্রার্থী দক্ষ ও স্কেলযোগ্য সফটওয়্যার সমাধান তৈরি করে প্রতিষ্ঠানের প্রযুক্তিগত চ্যালেঞ্জ মোকাবেলা করতে ইচ্ছুক। ব্যবসায়িক লক্ষ্য অর্জনে গুরুত্বপূর্ণ ভূমিকা পালন করতে চান।
resume_10.txt,Experience,ডেটা ইঞ্জিনিয়ার হিসেবে টেক গার্ডেন সফটওয়্যারে জুনিয়র সফটওয়্যার ইঞ্জিনিয়ার হিসেবে পাইথন ও জ্যাঙ্গো ফ্রেমওয়ার্ক ব্যবহার করে ব্যাকএন্ড ফিচার ডেভেলপ করছেন। পূর্বে টেক গার্ডেন সফটএ জুনিয়র সফটওয়্যার ডেভেলপার হিসেবে অ্যাপ ডেভেলপমেন্টে অভিজ্ঞতা অর্জন করেছেন।
resume_10.txt,Education,প্রার্থী ২০১৫ থেকে ২০১৯ পর্যন্ত ইডেন মহিলা কলেজ থেকে কম্পিউটার সায়েন্স ও ইঞ্জিনিয়ারিং-এ বি.এসসি. সম্পন্ন করেছেন। সিজিপিএ ৪.০০ এর মধ্যে ৩.৫০ অর্জন করেছেন।
resume_10.txt,Skill,"প্রার্থী পাইথন, জ্যাঙ্গো এবং জাভা (বেসিক) ব্যবহার করে ব্যাকএন্ড ডেভেলপমেন্টে পারদর্শী এবং ফ্রন্টএন্ডে জাভাস্ক্রিপ্ট ও রিঅ্যাক্ট জেএস (বেসি) দিয়ে ফ্রন্টএন্ড তৈরি করতে পারদর্শী। পোস্টগ্রেসকিউএল ও মাইএসকিউএল ডেটাবেজ পরিচালনা করেন। রেস্টফুল এপিআই ডিজাইনে অভিজ্ঞতা রয়েছে।"
resume_100.txt,Objective,প্রার্থী ডেভঅপ্স ইঞ্জিনিয়ার হিসেবে ক্লাউড টেকনোলজি ও কন্টেইনারাইজেশন ব্যবহার করে ডিপ্লয়মেন্ট প্রক্রিয়া সহজ ও দ্রুততর করতে চান।
resume_100.txt,Experience,"প্রার্থী জুনিয়র ডেভঅপ্স ইঞ্জিনিয়ার হিসেবে ক্লাউডটেক লিমিটেডে ডকার ব্যবহার করে কন্টেইনারাইজেশন, জেনকিন্স ব্যবহার করে সিআই/সিডি পাইপলাইন স্থাপন এবং রক্ষণাবেক্ষণের দায়িত্ব পালন করছেন।"
resume_100.txt,Education,প্রার্থী আমেরিকান ইন্টারন্যাশনাল ইউনিভার্সিটিবাংলাদেশ থেকে ২০১৮ থেকে ২০২২ পর্যন্ত কম্পিউটার সায়েন্স ও ইঞ্জিনিয়ারিং-এ বি.এসসি সম্পন্ন করেছেন। সিজিপিএ ৪.০০ এর মধ্যে ৩.৩৮ অর্জন করেছেন।
resume_100.txt,Skill,"ডাটাবেস পরিচালনায় ডকার ও জেনকিন্স দক্ষতা রয়েছে। তিনি AWS (EC2, S3) পরিচালনা করতে পারদর্শী।"
resume_11.txt,Objective,"প্রার্থী স্কেলেবল ডেটা পাইপলাইন নির্মাণ, ইনফ্রাস্ট্রাকচার ডেভেলপমেন্ট এবং বৃহৎ ডেটাসেট প্রক্রিয়াকরণের মাধ্যমে প্রতিষ্ঠানের ডেটাচালিত সিদ্ধান্ত গ্রহণে গুরুত্বপূর্ণ ভূমিকা রাখতে চান।"
resume_11.txt,Experience,"ডাটা ইঞ্জিনিয়ার হিসেবে টেক ফ্লো সলিউশনসে ডেটা ইঞ্জিনিয়ার হিসেবে পাইথন ও অ্যাপাচি স্পার্ক ব্যবহার করে ইটিএল পাইপলাইন ডিজাইন ও ডেভেলপ করেছেন, যার মাধ্যমে ডেটা প্রসেসিং সময় ৩০% কমিয়েছেন।"
resume_11.txt,Education,প্রার্থী ২০১২ থেকে ২০১৬ পর্যন্ত ড্যাফোডিল ইন্টারন্যাশনাল ইউনিভার্সিটি থেকে কম্পিউটার সায়েন্স ও ইঞ্জিনিয়ারিং-এ বি.এসসি. সম্পন্ন করেছেন। সিজিপিএ ৪.০০ এর মধ্যে ৩.৩০ অর্জন করেছেন।
resume_11.txt,Skill,"প্রার্থী পাইথন (প্যান্ডাস, নামপাই), এসকিউএল ও বাশ প্রোগ্রামিং ভাষায় পারদর্শী এবং অ্যাপাচি স্পার্ক, হাডুপ (বেসিক) ও হাডুপের বিগ ডেটা টেকনোলজিতে দক্ষ। PostgreSQL, MySQLE ও মঙ্গোডিবি ডেটাবেজ পরিচালনা করতে পারদর্শী।"
resume_12.txt,Objective,প্রার্থী হেলথকেয়ার ও ফার্মেসি ম্যানেজমেন্ট সিস্টেম উন্নয়নের মাধ্যমে রোগীর সেবা উন্নত করতে ইচ্ছুক। ওষুধ ব্যবস্থাপনা প্রক্রিয়ায় ডিজিটালাইজেশনে গুরুত্বপূর্ণ ভূমিকা পালন করতে চান।
resume_12.txt,Experience,"প্রার্থী সফটওয়্যার ইঞ্জিনিয়ার (হেলথটেক) হিসেবে কেয়ার হাসপাতাল লিমিটেডে সফটওয়্যার ইঞ্জিনিয়ার হিসেবে পাইথন ও জ্যাঙ্গো ব্যবহার করে ফার্মেসি ম্যানেজমেন্ট সিস্টেম তৈরি করেছেন, যা ইনভেন্টরি ট্র্যাকিং ও অটোমেটেড রি-অর্ডারিং সক্ষম করে।"
resume_12.txt,Education,প্রার্থী ২০১৩ থেকে ২০১৭ পর্যন্ত ঢাকা বিশ্ববিদ্যালয় থেকে বি. ফার্ম (অনার্স) সম্পন্ন করেছেন। সিজিপিএ ৪.০০ এর মধ্যে ৩.৪০ অর্জন করেছেন।
resume_12.txt,Skill,"প্রার্থী পাইথন, জ্যাঙ্গো এবং জাভা (বেসিক) ব্যাকএন্ডে পারদর্শী এবং ফ্রন্টএন্ডে জাভাস্ক্রিপ্ট ও রিঅ্যাক্ট জেএস ব্যবহার করে ফ্রন্টএন্ড ডেভেলপমেন্টে পারদর্শী। মাইএসকিউএল ও পোস্টগ্রেসকিউএল ডেটাবেজে ডেটাবেজ পরিচালনা করতে পারদর্শী। এছাড়া রেস্টফুল এপিআই ডিজাইনে দক্ষ।"
resume_13.txt,Objective,প্রার্থী শিক্ষার্থীদের জন্য ইন্টারেক্টিভ লার্নিং প্ল্যাটফর্ম ও মূল্যায়ন টুল তৈরি করতে ইচ্ছুক। আধুনিক শিক্ষা ব্যবস্থার ডিজিটাল রূপান্তরে গুরুত্বপূর্ণ ভূমিকা পালন করতে চান।
resume_13.txt,Experience,প্রার্থী সফটওয়্যার ইঞ্জিনিয়ার (এডটেক) হিসেবে সানশাইন প্রিপারেটরি স্কুলে সফটওয়্যার ইঞ্জিনিয়ার হিসেবে রিঅ্যাক্ট জেএস ও নেক্সট জেএস ব্যবহার করে প্রাথমিক শিক্ষার্থীদের ইন্টারেক্টিভ লার্নিং ম্যানেজমেন্ট সিস্টেম (LMS) তৈরি করেছেন। পূর্বে সানশাইন প্রিপেরেটরি স্কুল-এ ইন্টার্নশিপের সময় রিয়েলঅ্যাক্ট জ্যাস ও নেক্সটজেএস দিয়ে প্রাথমিক শিক্ষার্থীদের ইন্টিগ্রেশন ম্যানেজমেন্ট সিস্টেম এবং LMS ডেভেলপ করেছেন।
resume_13.txt,Education,প্রার্থী ২০২২ সালে ইনস্টিটিউট অফ ইনফরমেশন টেকনোলজি (আইআইটি) থেকে সফটওয়্যার ডেভেলপমেন্টে পেশাদার সার্টিফিকেট অর্জন করেছেন। তিনি প্রাথমিক শিক্ষা বিষয়ে বি.এড (প্রাথমিক শিক্ষা) সম্পন্ন করেছেন।
resume_13.txt,Skill,"প্রার্থী জাভাস্ক্রিপ্ট, রিঅ্যাক্ট জেএস ও নেক্সট জেএস ব্যবহার করে ব্যাকএন্ড ডেভেলপমেন্টে পারদর্শী এবং ব্যাকএন্ডে পাইথন ও জ্যাঙ্গো দিয়ে ব্যাকএন্ড তৈরি করতে পারদর্শী। পোস্টগ্রেসকিউএল ও ডায়নামোবিডি ডেটাবেজ পরিচালনা করেন। রেস্টফুল এপিআই ডিজাইনে অভিজ্ঞতা রয়েছে।"
resume_14.txt,Objective,প্রার্থী ব্যাংকিং অপারেশন ও ফাইন্যান্সিয়াল সার্ভিসের স্কেলেবল ও সুরক্ষিত সফটওয়্যার সমাধান তৈরি করতে ইচ্ছুক। এই লক্ষ্য অর্জনের মাধ্যমে ব্যাংকিং খাতের ডিজিটাল রূপান্তরে গুরুত্বপূর্ণ ভূমিকা রাখতে চান।
resume_14.txt,Experience,"প্রার্থী সফটওয়্যার ইঞ্জিনিয়ার (ফাইনটেক) হিসেবে সাউথইস্ট ব্যাংক লিমিটেডে সফটওয়্যার ইঞ্জিনিয়ার হিসেবে জাভা ও স্প্রিং বুট ব্যবহার করে লোন ম্যানেজমেন্ট সিস্টেম তৈরি করেছেন, যেখানে লোন অ্যাপ্লিকেশন প্রসেসিং ও ভেরিফিকেশন অটোমেটেড করা হয়েছে।"
resume_14.txt,Education,প্রার্থী ২০১৬ থেকে ২০১৮ পর্যন্ত ব্র্যাক ইউনিভার্সিটি থেকে ফাইন্যান্সে এমবিএ সম্পন্ন করেছেন। সিজিপিএ ৪.০০ এর মধ্যে ৩.৪৫ অর্জন করেছেন।
resume_14.txt,Skill,"প্রার্থী জাভা, স্প্রিং বুট ও পাইথন (বেসিক) ব্যবহার করে ব্যাকএন্ড ডেভেলপমেন্টে পারদর্শী এবং ফ্রন্টএন্ডে জাভাস্ক্রিপ্ট, রিঅ্যাক্ট জেএস এবং পোস্টগ্রেসকিউএল ডেটাবেজ পরিচালনা করতে পারদর্শী। এছাড়া রেস্টফুল এপিআই ডিজাইনে অভিজ্ঞতা রয়েছে।"
resume_15.txt,Objective,প্রার্থী হোটেল অপারেশনস ও অতিথি সেবার ডেটা বিশ্লেষণের মাধ্যমে গ্রাহক অভিজ্ঞতা উন্নত করতে ইচ্ছুক। ব্যবসায়িক সিদ্ধান্ত গ্রহণে গুরুত্বপূর্ণ ভূমিকা পালন করতে চান।
resume_15.txt,Experience,"প্রার্থী বর্তমানে গ্র্যান্ড সুলতানা হোটেলে ডেটা বিশ্লেষক ইন্টার্ন হিসেবে এক্সেল ও গুগল শিটস ব্যবহার করে অতিথি চেকইন/আউট এবং রিজার্ভেশন ডেটা সংগ্রহ, বিশ্লেষণ এবং বিশ্লেষণাত্মক কাজ করছেন। পূর্বে তিনি গ্র্যান্ড সুলতানা হোটেল থেকে অতিথি চেক ইন/আউট, রিজার্ভেশন তথ্য সংগ্রহ ও বিশ্লেষণ করেছেন।"
resume_15.txt,Education,প্রার্থী ২০১৮ থেকে ২০২২ পর্যন্ত সাউথইস্ট ইউনিভার্সিটি থেকে হোটেল ম্যানেজমেন্টে বি.এসসি. সম্পন্ন করেছেন। সিজিপিএ ৪.০০ এর মধ্যে ৩.৫৫ অর্জন করেছেন।
resume_15.txt,Skill,"ডাটা বিশ্লেষণে এক্সেল ও গুগল শিটস ব্যবহার করে দক্ষতা রয়েছে, পাশাপাশি পাওয়ার বিআই দিয়ে ডেটা ভিজুয়ালাইজেশন করতে পারদর্শী। প্রপার্টি ম্যানেজমেন্ট সিস্টেম (PMS) ডেটা বিশ্লেষণ এবং হোটেল অপারেশনস ও কাস্টমার সার্ভিস এক্সিলেন্সের অভিজ্ঞতা রয়েছে।"
resume_16.txt,Objective,প্রার্থী ফ্লাটার ডেভেলপার হিসেবে ইনোভেটিভ টিমে যোগ দিয়ে ক্রস-প্ল্যাটফর্ম মোবাইল অ্যাপ্লিকেশন তৈরি করতে ইচ্ছুক। ব্যবহারকারীর অভিজ্ঞতা উন্নত করে প্রতিষ্ঠানের সাফল্যে অবদান রাখতে চাই।
resume_16.txt,Experience,"ডাটা ডেভেলপার হিসেবে অ্যাপ ইনোভেশনস লিমিটেডে জুনিয়র সফটওয়্যার ডেভেলপার হিসেবে ডার্ট ও ফ্লাটার ফ্রেমওয়ার্ক ব্যবহার করে অ্যান্ড্রয়েড ও iOS অ্যাপ ডেভেলপমেন্ট, RESTful API ইন্টিগ্রেশন এবং প্রোভিডার ও Bloc ভিত্তিক স্টেট ম্যানেজমেন্ট বাস্তবায়ন করেছেন।"
resume_16.txt,Education,প্রার্থী ২০১৬ থেকে ২০২০ পর্যন্ত ড্যাফোডিল ইন্টারন্যাশনাল ইউনিভার্সিটি থেকে সফটওয়্যার ইঞ্জিনিয়ারিং-এ বি.এসসি. সম্পন্ন করেছেন। সিজিপিএ ৪.০০ এর মধ্যে ৩.৫২ অর্জন করেছেন।
resume_16.txt,Skill,"প্রার্থী Dart, Java ব্যবহার করে প্রোগ্রামিং ভাষায় দক্ষতা রাখেন এবং Flutter, Firebase ফ্রেমওয়ার্কে পারদর্শী। Git, Android Studio ও VS Code ব্যবহার করে API ইন্টিগ্রেশন (REST) সম্পন্ন করেছেন।"
resume_17.txt,Objective,প্রার্থী ল্যাবরেটরি টেস্ট ও গবেষণা সংক্রান্ত ডেটা বিশ্লেষণের মাধ্যমে জনস্বাস্থ্য ও কোয়ালিটি কন্ট্রোল প্রক্রিয়ার উন্নয়নে সক্রিয়ভাবে অবদান রাখতে চান।
resume_17.txt,Experience,"ডাটা বিশ্লেষক (ল্যাবরেটরি সায়েন্স) হিসেবে প্রিমিয়ার ডায়াগনস্টিক সেন্টারে ডেটা বিশ্লেষক হিসেবে এক্সেল ও এসপিএসএস ব্যবহার করে রক্ত, মূত্র এবং অন্যান্য নমুনার মাইক্রোবায়োলজিক্যাল টেস্টের ডেটা সংগ্রহ, বিশ্লেষণ এবং বিশ্লেষণ করেছেন। পূর্বে প্রিমিয়ার ডায়াগনস্টিক সেন্টার-এ ডেটা অ্যানালিস্ট হিসেবে এক্সেল, এসপিএসএস এবং এক্সেল ব্যবহার করে ব্লাড, মূত্র ও অন্যান্য নমুনায় মাইক্রোবায়োলজি টেস্ট ডেটা সংগ্রহ ও বিশ্লেষণ করেছি।"
resume_17.txt,Education,প্রার্থী ২০১৬ থেকে ২০১৭ পর্যন্ত ঢাকা বিশ্ববিদ্যালয় থেকে মাইক্রোবায়োলজিতে এম.এসসি. সম্পন্ন করেছেন। সিজিপিএ ৪.০০ এর মধ্যে ৩.৭০ অর্জন করেছেন।
resume_17.txt,Skill,"প্রার্থী এক্সেল ও বেসিক এসকিউএল ব্যবহার করে ডেটা বিশ্লেষণ এবং পাওয়ার বিআই দিয়ে ডেটা ভিজুয়ালাইজেশন করতে পারদর্শী। মাইক্রোবায়োলজিক্যাল অ্যাসেস ডেটা ম্যানেজমেন্ট, ল্যাবরেটরি টেকনিক ও গুড ল্যাবরেটরি প্র্যাকটিস (GLP) দক্ষতা রয়েছে।"
resume_18.txt,Objective,প্রার্থী নিরাপত্তা সংক্রান্ত লগ ডেটা বিশ্লেষণ ও থ্রেট ইন্টেলিজেন্সের মাধ্যমে প্রতিষ্ঠানের সাইবার নিরাপত্তা ব্যবস্থা শক্তিশালী করতে ইচ্ছুক। এই লক্ষ্য অর্জনে গুরুত্বপূর্ণ ভূমিকা পালন করতে চান।
resume_18.txt,Experience,"ডাটা বিশ্লেষক (সিকিউরিটি অ্যানালিটিক্স) হিসেবে সাইবার ডিফেন্ডারস লিমিটেডে ডেটা বিশ্লেষক হিসেবে এক্সেল ও এসকিউএল ব্যবহার করে SIEM টুলস থেকে নেটওয়ার্ক সিকিউরিটি লগ সংগ্রহ, বিশ্লেষণ এবং বিশ্লেষণাত্মক কাজ সম্পন্ন করেছেন।"
resume_18.txt,Education,প্রার্থী ২০১৬ থেকে ২০২০ পর্যন্ত নর্থ সাউথ ইউনিভার্সিটি থেকে কম্পিউটার সায়েন্স ও ইঞ্জিনিয়ারিং-এ বি.এসসি. সম্পন্ন করেছেন। সিজিপিএ ৪.০০ এর মধ্যে ৩.৬০ অর্জন করেছেন।
resume_18.txt,Skill,"ডাটা বিশ্লেষণে এক্সেল ও বেসিক এসকিউএল ব্যবহার করে দক্ষতা রয়েছে, পাশাপাশি পাওয়ার বিআই দিয়ে ডেটা ভিজুয়ালাইজেশন করতে সক্ষম। সিকিউরিটি লগ বিশ্লেষণ এবং Splunk টুলস ব্যবহার করে থ্রেট হান্টিং ও ভালনারেবিলিটি ম্যানেজমেন্টে পারদর্শী।"
resume_19.txt,Objective,ডাটা মডেলিং ও ট্রেন্ড বিশ্লেষণে ডিজিটাল টুল ও অটোমেশন সমাধান তৈরি করতে ইচ্ছুক। ফ্যাশন ডিজাইন ও ট্রেন্ড অ্যানালিসিসের মাধ্যমে ফ্যাশন ইন্ডাস্ট্রির ডিজিটাল রূপান্তরে সক্রিয়ভাবে অবদান রাখতে চান।
resume_19.txt,Experience,"প্রার্থী সফটওয়্যার ইঞ্জিনিয়ার (ফ্যাশন টেক) হিসেবে ট্রেন্ডসেটারস টেকনোলজিসে সফটওয়্যার ইঞ্জিনিয়ার হিসেবে পাইথন ও জ্যাঙ্গো ব্যবহার করে ফ্যাশন ডিজাইন অ্যাসেট ম্যানেজমেন্ট সিস্টেম তৈরি করেছেন, যা ডিজাইন, ফ্যাব্রিক ও প্রোডাকশন ডেটা সংরক্ষণ ও ট্র্যাক করতে সক্ষম।"
resume_19.txt,Education,প্রার্থী ২০১৩ থেকে ২০১৭ পর্যন্ত শান্তা-মারিয়াম ইউনিভার্সিটি অফ ক্রিয়েটিভ টেকনোলজি থেকে ফ্যাশন ডিজাইনে বিএফএ (ফ্যাশন ডিজাইন) সম্পন্ন করেছেন। সিজিপিএ ৪.০০ এর মধ্যে ৩.৪৮ অর্জন করেছেন।
resume_19.txt,Skill,"প্রার্থী জাভাস্ক্রিপ্ট ও রিঅ্যাক্ট জেএস ব্যবহার করে ব্যাকএন্ড ডেভেলপমেন্টে পারদর্শী এবং পাইথন ও জ্যাঙ্গো দিয়ে ব্যাকএন্ড তৈরি করতে পারদর্শী। পোস্টগ্রেসকিউএল ডেটাবেজে Adobe Illustrator, Photoshop, Figma সহ ডিজাইন সফ্টওয়্যারের অভিজ্ঞতা রয়েছে।"
resume_2.txt,Objective,প্রার্থী বৃহৎ ডেটাসেট প্রক্রিয়াকরণ ও স্কেলেবল ডেটা পাইপলাইন নির্মাণের মাধ্যমে প্রতিষ্ঠানের সিদ্ধান্ত গ্রহণ প্রক্রিয়ায় কার্যকর ভূমিকা রাখতে ইচ্ছুক।
resume_2.txt,Experience,"ডাটা ইঞ্জিনিয়ার হিসেবে টেকসোল লিমিটেডে ডেটা ইঞ্জিনিয়ার হিসেবে ইটিএল (Extract, Transform, Load) পাইপলাইন ডিজাইন ও বাস্তবায়ন করে ডেটা প্রসেসিং সময় ৫০% কমিয়েছেন।"
resume_2.txt,Education,"প্রার্থী ২০১৭ থেকে ২০১৯ পর্যন্ত বাংলাদেশ প্রকৌশল বিশ্ববিদ্যালয় থেকে ডেটা সায়েন্সে এম.এসসি সম্পন্ন করেছেন, যেখানে সিজিপিএ ৩.৮০/৪.০০ (২০১৭২০১৯) অর্জন করেছেন।"
resume_2.txt,Skill,"প্রার্থী পাইথন, সাইথন, এসকিউএল ও বাশ প্রোগ্রামিং ভাষায় দক্ষ এবং অ্যাপাচি স্পার্ক, হাডুপ, কাফকাসহ বিগ ডেটা টুলসে পারদর্শী। তিনি PostgreSQL, MongoDB, Cassandra ডেটাবেজ পরিচালনা করেন এবং পাওয়ার বিআই ও টেবলু দিয়ে ডেটা ভিজুয়ালাইজেশন করতে পারদর্শী।"
resume_20.txt,Objective,প্রার্থী লজিস্টিকস ও ইনভেন্টরি ডেটা বিশ্লেষণের মাধ্যমে অপারেশনাল দক্ষতা বৃদ্ধি করতে ইচ্ছুক। সিদ্ধান্ত গ্রহণ প্রক্রিয়ায় গুরুত্বপূর্ণ ভূমিকা পালন করে সংস্থার সাফল্যে অবদান রাখতে চান।
resume_20.txt,Experience,"ডাটা বিশ্লেষক (লজিস্টিকস) হিসেবে স্পিডি ডেলিভারি সার্ভিসেসে ডেটা বিশ্লেষক হিসেবে এক্সেল ও এসকিউএল ব্যবহার করে ডোমেস্টিক ও ইন্টারন্যাশনাল শিপমেন্টের ডেটা সংগ্রহ, বিশ্লেষণ এবং বিশ্লেষণ করেছেন।"
resume_20.txt,Education,প্রার্থী ২০১৫ থেকে ২০১৯ পর্যন্ত বাংলাদেশ ইউনিভার্সিটি অফ প্রফেশনালস থেকে সাপ্লাই চেইন ম্যানেজমেন্টে বি.বি.এ সম্পন্ন করেছেন। সিজিপিএ ৪.০০ এর মধ্যে ৩.৩০ অর্জন করেছেন।
resume_20.txt,Skill,"ডাটা বিশ্লেষণে এক্সেল ও এসকিউএল ব্যবহার করে দক্ষতা রয়েছে, পাশাপাশি পাওয়ার বিআই দিয়ে ডেটা ভিজুয়ালাইজেশন করতে পারদর্শী। SAP MM মডিউলের মাধ্যমে সাপ্লাই চেইন ম্যানেজমেন্ট ও ইনভেন্টরি কন্ট্রোল করা যায়।"
resume_21.txt,Objective,প্রার্থী মানসিক স্বাস্থ্য সংক্রান্ত ডেটা ও থেরাপি ফলাফল বিশ্লেষণের মাধ্যমে চিকিৎসা কার্যকারিতা বাড়াতে ইচ্ছুক। রোগীর সেবার মান উন্নয়নে গুরুত্বপূর্ণ ভূমিকা পালন করতে চান।
resume_21.txt,Experience,"ডাটা বিশ্লেষক হিসেবে মাইন্ড কেয়ার সেন্টারে ডেটা বিশ্লেষক (ক্লিনিক্যাল রিসার্চ) হিসেবে এক্সেল ও এসকিউএল ব্যবহার করে রোগীদের সাইকোলজিক্যাল মূল্যায়ন, WAIS, Rorschach) এবং থেরাপি সেশনের ডেটা সংগ্রহ ও বিশ্লেষণ করেছেন।"
resume_21.txt,Education,প্রার্থী ২০১৮ থেকে ২০২০ পর্যন্ত ঢাকা বিশ্ববিদ্যালয় থেকে ক্লিনিক্যাল সাইকোলজিতে এম.ফিল সম্পন্ন করেছেন। সিজিপিএ ৪.০০ এর মধ্যে ৩.৭৫ অর্জন করেছেন।
resume_21.txt,Skill,"ডাটা বিশ্লেষণে এক্সেল ও বেসিক এসকিউএল ব্যবহার করে দক্ষতা রয়েছে, পাশাপাশি পাওয়ার বিআই দিয়ে ডেটা ভিজুয়ালাইজেশন করতে পারদর্শী। ক্লিনিক্যাল ডেটা ম্যানেজমেন্ট, সাইকোলজিক্যাল মূল্যায়ন এবং গবেষণা মেথডোলজিতে অভিজ্ঞতা রয়েছে।"
resume_22.txt,Objective,"প্রার্থী এগ্রো-প্রসেসিং কোম্পানি বা গবেষণা প্রতিষ্ঠানে ইঞ্জিনিয়ার হিসেবে কাজ করতে ইচ্ছুক। কৃষি যন্ত্রপাতি, সেচ ব্যবস্থা এবং ফলন উন্নয়নে প্রযুক্তিগত সমাধান প্রদান করে প্রতিষ্ঠানের সাফল্যে অবদান রাখতে চাই।"
resume_22.txt,Experience,"ডাটা ইঞ্জিনিয়ার হিসেবে গ্রিন এগ্রো টেক লিমিটেডে প্রজেক্ট ইঞ্জিনিয়ার হিসেবে ড্রিপ ইরিগেশন সিস্টেমের ডিজাইন, ইন্সটলেশন এবং ইনস্টলেশন তদারকি করছেন। পূর্বে আগস্ট ২০১৯ থেকে বর্তমান পর্যন্ত গ্রীন এগ্রোটেক লিমিটেডে ইন্টার্নশিপের সময় ড্রিপ সেচ সিস্টেমের ডিজাইন ও ইন্সটলেশন সুপারভাইজ করেছেন।"
resume_22.txt,Education,প্রার্থী ২০১৫ থেকে ২০১৯ পর্যন্ত বাংলাদেশ কৃষি বিশ্ববিদ্যালয় থেকে এগ্রিকালচারাল ইঞ্জিনিয়ারিং-এ বি.এসসি. সম্পন্ন করেছেন। সিজিপিএ ৪.০০ এর মধ্যে ৩.৪০ অর্জন করেছেন।
resume_22.txt,Skill,"প্রার্থী ইরিগেশন সিস্টেম ডিজাইন, কৃষি মেশিনারি এবং অটোক্যাড ও MATLAB ব্যবহার করে কৃষি যন্ত্রপাতি তৈরি করতে পারদর্শী। এছাড়া প্রজেক্ট ম্যানেজমেন্টে অভিজ্ঞতা রয়েছে।"
resume_23.txt,Objective,প্রার্থী বিপণন ও বিক্রয় ডেটা থেকে কার্যকর অন্তর্দৃষ্টি বের করে প্রতিষ্ঠানের সিদ্ধান্ত গ্রহণ প্রক্রিয়া ও ব্যবসায়িক প্রবৃদ্ধিতে গুরুত্বপূর্ণ ভূমিকা রাখতে চান।
resume_23.txt,Experience,"ডাটা বিশ্লেষক হিসেবে মার্কেট মাইন্ড লিমিটেডে ডেটা বিশ্লেষক হিসেবে এসকিউএল ও এক্সেল ব্যবহার করে বিক্রয় ও বিপণন ক্যাম্পেইনের ডেটা সংগ্রহ, বিশ্লেষণ এবং বিশ্লেষণ করেছেন। পূর্বে মার্চ ২০২০ থেকে বর্তমান পর্যন্ত মার্কেট মাইন্ড লিমিটেডের ডেটা বিশ্লেষক হিসাবে SQL ও এক্সেল দিয়ে বিক্রয় ও বিক্রয় ক্যাম্পেইনের তথ্য সংগ্রহ ও বিশ্লেষণ করেছি।"
resume_23.txt,Education,"প্রার্থী ২০১৪ থেকে ২০১৮ পর্যন্ত ইনডিপেন্ডেন্ট ইউনিভার্সিটি, বাংলাদেশ থেকে মার্কেটিং-এ বি.বি.এ সম্পন্ন করেছেন। সিজিপিএ ৪.০০ এর মধ্যে ৩.২৫ অর্জন করেছেন।"
resume_23.txt,Skill,"ডাটা বিশ্লেষণে এক্সেল (পাওয়ার কোয়েরি, পিভট টেবিল) ও এসকিউএল ব্যবহার করে দক্ষতা রয়েছে, পাশাপাশি পাওয়ার বিআই ও টেবলু দিয়ে ডেটা ভিজুয়ালাইজেশন করতে পারদর্শী। পাইথন (প্যান্ডাস, নামপাই বেসিক) প্রোগ্রামিংয়ে পারদর্শী এবং ডিসক্রিপটিভ স্ট্যাটিস্টিক্স ও ট্রেন্ড অ্যানালাইসিসে দক্ষ।"
resume_24.txt,Objective,প্রার্থী চিকিৎসা সংক্রান্ত জটিল ডেটা বিশ্লেষণ ও রিপোর্টিংয়ের মাধ্যমে রোগীর সেবার মান উন্নত করতে ইচ্ছুক। হাসপাতালের পরিচালন দক্ষতা বৃদ্ধিতে গুরুত্বপূর্ণ ভূমিকা পালন করতে চান।
resume_24.txt,Experience,"ডাটা বিশ্লেষক হিসেবে তিনি মেডিকেয়ার হাসপাতাল লিমিটেডে হেলথকেয়ার ডেটা বিশ্লেষক হিসেবে ইলেকট্রনিক হেলথ রেকর্ড (EHR) সিস্টেম থেকে রোগীর ডেটা সংগ্রহ, ক্লিনিং ও বিশ্লেষণ করেছেন। পূর্বে মেডিকিউয়ার হসপিটাল লিমিটেডে মেডিকেল ডেটা বিশ্লেষক পদে কর্মরত ছিলেন।"
resume_24.txt,Education,প্রার্থী ২০১৬ থেকে ২০২০ পর্যন্ত বঙ্গবন্ধু শেখ মুজিব মেডিকেল বিশ্ববিদ্যালয় থেকে রেডিওলজি ও ইমেজিং টেকনোলজি-এ বি.এসসি. সম্পন্ন করেছেন। সিজিপিএ ৪.০০ এর মধ্যে ৩.৫৫ অর্জন করেছেন।
resume_24.txt,Skill,"ডাটা অ্যানালিটিক্সে Coursera ব্যবহার করে ডেটা বিশ্লেষণ এবং এক্সেল (এডভান্সড), এসকিউএল ও পাইথন (বেসিক) ব্যবহার করে বিশ্লেষণ করতে পারদর্শী। টেবলু ও পাওয়ার বিআই দিয়ে ডেটা ভিজুয়ালাইজেশন করা যায়।"
resume_25.txt,Objective,"প্রার্থী-কেন্দ্রিক, রেস্পন্সিভ ও পারফরম্যান্ট ওয়েব অ্যাপ্লিকেশন তৈরি করে প্রতিষ্ঠানের ডিজিটাল প্রোডাক্টের গুণগত মান উন্নত করতে ইচ্ছুক। ব্যবহারকারীর অভিজ্ঞতা উন্নয়নে গুরুত্বপূর্ণ ভূমিকা পালন করতে চান।"
resume_25.txt,Experience,"ডাটাআর্ক স্টুডিওতে ফ্রন্টএন্ড সফটওয়্যার ইঞ্জিনিয়ার হিসেবে রিঅ্যাক্ট জেএস, নেক্সট জেএস এবং টেইলউইন্ড সিএসএস ব্যবহার করে স্কেলেবল ও রেস্পন্সিভ ইউজার ইন্টারফেস তৈরি করেছেন। পূর্বে টেকআর্ক স্টুডিওতে ফ্রন্টএন্ড ডেভেলপার হিসেবে রিকঅ্যাক্ট জ্যাস, নেক্সটজেএস ও টেইলউইন সিএসএস দিয়ে স্কেলেবল ইউজার ইন্টারফেস ডেভেলপ করেছেন।"
resume_25.txt,Education,প্রার্থী ২০১৬ থেকে ২০২০ পর্যন্ত ইউনাইটেড ইন্টারন্যাশনাল ইউনিভার্সিটি থেকে কম্পিউটার সায়েন্স ও ইঞ্জিনিয়ারিং-এ বি.এসসি. সম্পন্ন করেছেন। সিজিপিএ ৪.০০ এর মধ্যে ৩.৪২ অর্জন করেছেন।
resume_25.txt,Skill,"ডাটা ফ্রন্টএন্ডে রিঅ্যাক্ট জেএস, নেক্সট জেএস এবং টাইপস্ক্রিপ্ট (ES6+) ব্যবহার করে জাভাস্ক্রিপ্ট, HTML5, CSS3, টেইলউইন্ড সিএসএস, সিএসএস ৩, টেইলউইন্ড এসকিউএল, টাইপস্কক্রিপ্ট, এইচটিএমএল৫, টাইপফ্ক্রিপ্ট, টাইপোগ্রাফিক, টাইপস৩, TS3, Tailwind সিএসএস এবং টেইলউইনন্ড সিএমএস-এ পারদর্শী। রিডাক্স ও কনটেক্সট এপিআই ইন্টিগ্রেশন এবং রেস্টফুল এপিআই ডেভেলপমেন্টে দক্ষ। ফিগমা (স্টাইলড-"
resume_26.txt,Objective,প্রার্থী অ্যাডভান্সড মেশিন লার্নিং মডেল ও প্রেডিকটিভ অ্যানালিটিক্স ব্যবহার করে বিনিয়োগ স্ট্র্যাটেজি অপটিমাইজ করতে ইচ্ছুক। আর্থিক বাজারের জটিল সমস্যা সমাধানে গুরুত্বপূর্ণ ভূমিকা পালন করতে চান।
resume_26.txt,Experience,ডাটা সায়েন্টিস্ট (ফাইন্যান্স) হিসেবে ক্যাপিটাল ট্রাস্ট লিমিটেডে পাইথন ও স্কিকিট-লার্ন ব্যবহার করে স্টক প্রাইস প্রেডিকশনের টাইম সিরিজ মডেল তৈরি করেছেন। এই মডেলটি ২০% নির্ভুলতা বৃদ্ধি করতে সহায়তা করেছে।
resume_26.txt,Education,প্রার্থী ২০২১ থেকে ২০২৩ পর্যন্ত ইনস্টিটিউট অফ বিজনেস অ্যাডমিনিস্ট্রেশন (IBA) থেকে ডেটা সায়েন্সে এম.এসসি সম্পন্ন করেছেন। সিজিপিএ ৪.০০ এর মধ্যে ৩.৭০ অর্জন করেছেন।
resume_26.txt,Skill,"ডাটা প্রোগ্রামিং ভাষায় পাইথন (প্যান্ডাস, নামপাই, স্কিকিট-লার্ন, টেনসরফ্লো) এবং আর এসকিউএল ব্যবহার করে মেশিন লার্নিং করতে পারদর্শী। তিনি ARIMA, LSTM, রিগ্রেশন, ক্লাসিফিকেশন, ক্লাস্টারিং এবং ফাইন্যান্সিয়াল মডেলিং, ভ্যালুয়েশন ও রিস্ক ম্যানেজমেন্টে দক্ষ। টেবলু, ম্যাটপ্লটলিব ও সিবোর্নের মাধ্যমে ডেটা ভিজুয়ালাইজেশন করতে সক্ষম।"
resume_27.txt,Objective,প্রার্থী পর্যটন সংক্রান্ত ডেটা সংগ্রহ ও বিশ্লেষণ করে বাজারের প্রবণতা চিহ্নিত করতে ইচ্ছুক। ভ্রমণ পরিকল্পনা উন্নয়নের মাধ্যমে প্রতিষ্ঠানের ব্যবসায়িক সিদ্ধান্ত গ্রহণে গুরুত্বপূর্ণ ভূমিকা রাখতে চান।
resume_27.txt,Experience,"ডাটা বিশ্লেষক হিসেবে বাংলাদেশ ট্যুরিজম বোর্ডে ডেটা বিশ্লেষক হিসেবে জানুয়ারি ২০১৯ থেকে বর্তমান পর্যন্ত দেশি-বিদেশি পর্যটকদের আগমন সংক্রান্ত ডেটা সংগ্রহ, ক্লিনিং ও বিশ্লেষণ করেছেন।"
resume_27.txt,Education,ডাটা অ্যানালিটিক্সে পেশাদার সার্টিফিকেট অর্জন করেছেন গুগল (Coursera) থেকে ২০২৩ সালে সম্পন্ন করেছেন। তিনি বি.এ (ইতিহাস) ডিগ্রি অর্জন করেছেন।
resume_27.txt,Skill,"ডাটা বিশ্লেষণে এক্সেল (পাওয়ার কোয়েরি, পিভট টেবিল) ও এসকিউএল ব্যবহার করে দক্ষতা রয়েছে, পাশাপাশি পাওয়ার বিআই ও টেবলু দিয়ে ডেটা ভিজুয়ালাইজেশন করতে পারদর্শী। পাইথন (প্যান্ডাস, নামপাই বেসিক) প্রোগ্রামিংয়ে পারদর্শী এবং ডিসক্রিপটিভ স্ট্যাটিস্টিক্স ও ট্রেন্ড অ্যানালাইসিসে দক্ষ।"
resume_28.txt,Objective,ডাটা সিমুলেশন সফটওয়্যার তৈরি ও অ্যালগরিদম অপটিমাইজেশনের মাধ্যমে জটিল স্ট্রাকচারাল বিশ্লেষণ ও ডিজাইন প্রক্রিয়া স্বয়ংক্রিয় ও উন্নত করতে ইচ্ছুক। এই লক্ষ্য অর্জনে গুরুত্বপূর্ণ ভূমিকা পালন করতে চান।
resume_28.txt,Experience,প্রার্থী সফটওয়্যার ইঞ্জিনিয়ার (কম্পিউটেশনাল মেকানিক্স) হিসেবে সিমুলেশন সলিউশন লিমিটেডে সফটওয়্যার ইঞ্জিনিয়ার হিসেবে সি++ ও পাইথন ব্যবহার করে ফিনাইট এলিমেন্ট অ্যানালাইসিস (FEA) সফটওয়্যারের নিউমেরিক্যাল সল্ভার ডেভেলপ ও অপটিমাইজ করেছেন।
resume_28.txt,Education,প্রার্থী ২০১৫ থেকে ২০১৯ পর্যন্ত চট্টগ্রাম প্রকৌশল ও প্রযুক্তি বিশ্ববিদ্যালয় থেকে সিভিল ইঞ্জিনিয়ারিং-এ বি.এসসি. সম্পন্ন করেছেন। সিজিপিএ ৪.০০ এর মধ্যে ৩.৫৫ অর্জন করেছেন।
resume_28.txt,Skill,"ডাটা প্রোগ্রামিং ভাষায় পাইথন (নামপাই, সাইপাই), সি++ ও ফোরট্রান ব্যবহার করে কম্পিউটেশনাল মেকানিক্সে দক্ষতা রয়েছে, পাশাপাশি ফিনাইট এলিমেন্ট অ্যানালাইসিস এবং নিউমেরিক্যাল মেথডস ব্যবহার করে সিমুলেশন করতে পারদর্শী। ETABS, STAAD.Pro, SAP2000 সহ ওপেনসোর্স FEA লাইব্রেরি ব্যবহার করে ডেটা ভিজুয়ালাইজেশন করতে সক্ষম।"
resume_29.txt,Objective,"ডাটা সার্ভিস ম্যানেজার হিসেবে কাজ করে সেবা মান উন্নত, গ্রাহক সন্তুষ্টি বৃদ্ধি এবং টিম ম্যানেজমেন্টের মাধ্যমে প্রতিষ্ঠানের লক্ষ্য অর্জনে অবদান রাখতে চাই।"
resume_29.txt,Experience,"প্রার্থী কুইক সেবা লিমিটেডে কাস্টমার সার্ভিস ম্যানেজার হিসেবে কাজ করছেন, যেখানে তিনি ২০ সদস্যের কাস্টমার সার্ভিস টিমের রিক্রুটমেন্ট, ট্রেনিং এবং পারফরম্যান্স ম্যানেজমেন্টের দায়িত্ব পালন করেছেন। পূর্বে কুইক সেবা লিমিটেডের মাধ্যমে ২০ সদস্যের গ্রাহক সার্ভিস টিম নিয়োগ, প্রশিক্ষণ ও পারফরম্যান্স ব্যবস্থাপনা পরিচালনা করেছেন।"
resume_29.txt,Education,প্রার্থী ২০১৫ থেকে ২০১৭ পর্যন্ত জাতীয় বিশ্ববিদ্যালয় থেকে মার্কেটিং-এ বি.বি.এ সম্পন্ন করেছেন। সিজিপিএ ৪.০০ এর মধ্যে ৩.৪০ অর্জন করেছেন।
resume_29.txt,Skill,"প্রার্থী টিম লিডারশিপ ও ম্যানেজমেন্টে দক্ষ, পাশাপাশি কাস্টমার রিলেশনশিপ ম্যানেজমেন্ট (CRM) এবং পারফরম্যান্স মেট্রিক্স বিশ্লেষণে পারদর্শী। তিনি কনফ্লিক্ট সমাধান বিশ্লেষণের মাধ্যমে জটিল সমস্যার সমাধান করতে সক্ষম।"
resume_3.txt,Objective,প্রার্থী জুনিয়র সফ্টওয়্যার ডেভেলপার হিসেবে ক্যারিয়ার শুরু করতে ইচ্ছুক। প্রোগ্রামিং জ্ঞান ও সমস্যা সমাধানের দক্ষতা ব্যবহার করে শিখতে ও বৃদ্ধি করতে চাই।
resume_3.txt,Experience,ডাটা সেন্টার লিমিটেডে সফ্টওয়্যার ডেভেলপমেন্ট ইন্টার্ন হিসেবে জুন ২০২১ থেকে আগস্ট ২০২১ পর্যন্ত কোম্পানির ইন্টার্নাল ম্যানেজমেন্ট সিস্টেমের UI কম্পোনেন্ট React.js ব্যবহার করে ডেভেলপ করা হয়েছে।
resume_3.txt,Education,প্রার্থী ২০১৮ থেকে ২০২২ পর্যন্ত শাহজালাল বিজ্ঞান ও প্রযুক্তি বিশ্ববিদ্যালয় থেকে কম্পিউটার সায়েন্স ও ইঞ্জিনিয়ারিং-এ বি.এসসি. সম্পন্ন করেছেন। সিজিপিএ ৪.০০ এর মধ্যে ৩.৫০ অর্জন করেছেন।
resume_3.txt,Skill,"ডাটা প্রোগ্রামিং ভাষায় পাইথন, জাভা, সি এবং জাভাস্ক্রিপ্ট ব্যবহার করে ওয়েব টেকনোলজিতে দক্ষতা রয়েছে, পাশাপাশি HTML, CSS, React.js, Node.jss এবং MySQL ডাটাবেজে কাজ করতে পারদর্শী। এছাড়া Git, VS Code ও Android Studio ডেটাবেস পরিচালনার অভিজ্ঞতা রয়েছে।"
resume_30.txt,Objective,প্রার্থী মেডিকেল ইকুইপমেন্টে এমবেডেড সফটওয়্যার ও ডেটা অ্যাকুইজিশন সিস্টেম তৈরি করতে ইচ্ছুক। স্বাস্থ্যসেবা প্রযুক্তি উন্নয়নে গুরুত্বপূর্ণ ভূমিকা পালন করতে চান।
resume_30.txt,Experience,"প্রার্থী সফটওয়্যার ইঞ্জিনিয়ার (এমবেডেড সিস্টেম) হিসেবে মেডিকেয়ার হসপিটাল এন্ড ডায়াগনস্টিক সেন্টারে সফটওয়্যার ইঞ্জিনিয়ার হিসেবে মাইক্রোকন্ট্রোলার (STM32, Arduino) ভিত্তিক এমবেডেড সফটওয়্যার তৈরি করেছেন। ভেন্টিলেটর ও ইসিজি মেশিনের সেন্সর ডেটা প্রসেসিং ও কন্ট্রোলে দক্ষ।"
resume_30.txt,Education,প্রার্থী ২০১৫ থেকে ২০১৯ পর্যন্ত খুলনা বিশ্ববিদ্যালয় থেকে বায়োমেডিকাল ইঞ্জিনিয়ারিং-এ বি.এসসি. সম্পন্ন করেছেন। সিজিপিএ ৪.০০ এর মধ্যে ৩.৪৮ অর্জন করেছেন।
resume_30.txt,Skill,"প্রার্থী সি, সি++ ও এমবেডেড সিস্টেম প্রোগ্রামিংয়ে দক্ষ এবং STM32, Arduino ও ESP32 মাইক্রোকন্ট্রোলার ব্যবহার করে সিগন্যাল প্রসেসিং, ম্যাটল্যাব ও পাইথন (SciPy, NumPy) দিয়ে সিগন্যাল প্রসেসিং করতে পারদর্শী। এছাড়া UART, I2C, Modbus, MQTT এবং ওয়াই-ফাই প্রোটোকলের মাধ্যমে যোগাযোগ পরিচালনা করতে সক্ষম।"
resume_31.txt,Objective,প্রার্থী কন্টেন্ট পারফরম্যান্স ও অডিয়েন্স ইনসাইট বিশ্লেষণের মাধ্যমে ডেটা-চালিত সোশ্যাল মিডিয়া কৌশল তৈরি করতে ইচ্ছুক। এই লক্ষ্য অর্জনের মাধ্যমে সংস্থার সাফল্যে অবদান রাখতে চান।
resume_31.txt,Experience,প্রার্থী ডিজিটাল ব্রেইন লিমিটেডে সোশ্যাল মিডিয়া ডেটা অ্যানালিস্ট হিসেবে কাজ করছেন। এক্সেল ও গুগল শিটস ব্যবহার করে সোশ্যাল মিডিয়া ক্যাম্পেইনের ডেটা ট্র্যাক ও বিশ্লেষণ করেছেন।
resume_31.txt,Education,প্রার্থী ২০১৬ থেকে ২০২০ পর্যন্ত ইডেন মহিলা কলেজ থেকে ইংরেজি সাহিত্য বিষয়ে বি.এ সম্পন্ন করেছেন। সিজিপিএ ৪.০০ এর মধ্যে ৩.৩০ অর্জন করেছেন।
resume_31.txt,Skill,"ডাটা বিশ্লেষণে এক্সেল ও গুগল শিটস ব্যবহার করে দক্ষতা রয়েছে, পাশাপাশি ফেসবুক ইনসাইটস ও ইনস্টাগ্রাম অ্যানালিটিক্সের মাধ্যমে সোশ্যাল মিডিয়া বিশ্লেষণ করতে পারদর্শী। এছাড়া পাওয়ার বিআই (বেসিক) দিয়ে ডেটা ভিজুয়ালাইজেশন করতে সক্ষম। কন্টেন্ট স্ট্র্যাটেজি ও কমিউনিটি ম্যানেজমেন্টে অভিজ্ঞতা রয়েছে।"
resume_32.txt,Objective,প্রার্থী ফুড প্রোডাকশন ও কোয়ালিটি ডেটা বিশ্লেষণের মাধ্যমে প্রোডাক্ট ডেভেলপমেন্ট ও অপারেশনাল দক্ষতা বৃদ্ধি করতে ইচ্ছুক। এই লক্ষ্য অর্জনের মাধ্যমে সংস্থার কার্যকারিতা বৃদ্ধি করতে চান।
resume_32.txt,Experience,"ডাটা বিশ্লেষক হিসেবে ফ্রেশ ফুডস লিমিটেডে ডেটা বিশ্লেষক (কোয়ালিটি অ্যাসুরেন্স) হিসেবে এক্সেল ও এসকিউএল ব্যবহার করে কোয়ালিটি কন্ট্রোল টেস্টের ডেটা সংগ্রহ, বিশ্লেষণ এবং বিশ্লেষণ করেছেন। পূর্বে ফ্রেশ ফুডসে ডেটা বিশ্লেষক হিসেবে এক্সেল,এসকিউএল দিয়ে কোয়ালিটি কন্ট্রোল টেস্ট ডেটা সংগ্রহ ও বিশ্লেষণ করা হয়েছে।"
resume_32.txt,Education,প্রার্থী ২০১৬ থেকে ২০২০ পর্যন্ত বাংলাদেশ কৃষি বিশ্ববিদ্যালয় থেকে ফুড টেকনোলজিতে বি.এসসি. সম্পন্ন করেছেন। সিজিপিএ ৪.০০ এর মধ্যে ৩.৫০ অর্জন করেছেন।
resume_32.txt,Skill,"প্রার্থী এক্সেল ও বেসিক এসকিউএল ব্যবহার করে ডেটা বিশ্লেষণ এবং পাওয়ার বিআই দিয়ে ডেটা ভিজুয়ালাইজেশন করতে পারদর্শী। কোয়ালিটি কন্ট্রোল ডেটা ম্যানেজমেন্ট, ফুড সেফটি স্ট্যান্ডার্ড (HACCP, GMP) এবং ল্যাবরেটরি টেস্টিং দক্ষতা রয়েছে।"
resume_33.txt,Objective,প্রার্থী শিক্ষার্থীদের পারফরম্যান্স ডেটা বিশ্লেষণ করে শিক্ষার মান উন্নত করতে ইচ্ছুক। পাঠ পরিকল্পনা অপটিমাইজেশনে গুরুত্বপূর্ণ ভূমিকা পালন করতে চান।
resume_33.txt,Experience,"ডাটা বিশ্লেষক হিসেবে ব্রাইট ফিউচার কলেজে ডেটা বিশ্লেষক (এডুকেশন টেকনোলজি) হিসেবে এক্সেল ও এসকিউএল ব্যবহার করে শিক্ষার্থীদের পরীক্ষার ফলাফল ও অ্যাসাইনমেন্টের ডেটা সংগ্রহ, বিশ্লেষণ এবং বিশ্লেষণ করেছেন। পূর্বে ব্রাইট ফিউচার কলেজ থেকে ডেটা বিশ্লেষক হিসেবে এক্সেল, SQL ব্যবহার করে শিক্ষার্থীর পরীক্ষার ফলাফল সংগ্রহ, অ্যাসাইনমেন্ট ডেটা সংগ্রহ ও বিশ্লেষণ করা হয়েছে।"
resume_33.txt,Education,প্রার্থী ২০১৬ থেকে ২০১৭ পর্যন্ত ঢাকা বিশ্ববিদ্যালয় থেকে ইংরেজি সাহিত্য বিষয়ে এম.এ সম্পন্ন করেছেন। সিজিপিএ ৪.০০ এর মধ্যে ৩.৬৫ অর্জন করেছেন।
resume_33.txt,Skill,"ডাটা বিশ্লেষণে এক্সেল ও এসকিউএল ব্যবহার করে দক্ষতা রয়েছে, পাশাপাশি পাওয়ার বিআই দিয়ে ডেটা ভিজুয়ালাইজেশন করতে পারদর্শী। শিক্ষার্থী পারফরম্যান্স মূল্যায়ন ও ইভ্যালুয়েশনের মাধ্যমে শিক্ষা সংক্রান্ত ডেটা ব্যবস্থাপনা করা যায়।"
resume_34.txt,Objective,ডাটা ম্যানেজমেন্টের মাধ্যমে রিয়েল এস্টেট মার্কেটের প্রবণতা বিশ্লেষণ ও সম্পত্তির ভ্যালুয়েশন ডেটা পরিচালনা করতে ইচ্ছুক। প্রতিষ্ঠানের ব্যবসায়িক সিদ্ধান্ত গ্রহণে গুরুত্বপূর্ণ ভূমিকা পালন করতে চান।
resume_34.txt,Experience,"ডাটা বিশ্লেষক হিসেবে সিটি প্রপার্টিজ লিমিটেডে ডেটা বিশ্লেষক (রিয়েল এস্টেট) হিসেবে এক্সেল ও গুগল শিটস ব্যবহার করে প্রপার্টি লিস্টিং, বিক্রয় সংক্রান্ত ডেটা সংগ্রহ ও বিশ্লেষণ করেছেন।"
resume_34.txt,Education,প্রার্থী ২০১৪ থেকে ২০১৮ পর্যন্ত জাতীয় বিশ্ববিদ্যালয় থেকে মার্কেটিং-এ বি.বি.এ সম্পন্ন করেছেন। সিজিপিএ ৪.০০ এর মধ্যে ৩.০০ অর্জন করেছেন।
resume_34.txt,Skill,"ডাটা বিশ্লেষণে এক্সেল ও গুগল শিটস ব্যবহার করে দক্ষতা রয়েছে, পাশাপাশি পাওয়ার বিআই (বেসিক) দিয়ে ডেটা ভিজুয়ালাইজেশন করতে পারদর্শী। তিনি প্রপার্টি মার্কেটের প্রবণতা বিশ্লেষণ এবং সেলস ডেটা ম্যানেজমেন্টে দক্ষ।"
resume_35.txt,Objective,প্রার্থী ডিজিটাল লাইব্রেরি সিস্টেম ও গবেষণা ডেটাবেস থেকে তথ্য সংগ্রহ ও বিশ্লেষণ করতে ইচ্ছুক। প্রতিষ্ঠানের তথ্য ব্যবস্থাপনা ও গবেষণা কার্যক্রমের উন্নয়নে গুরুত্বপূর্ণ ভূমিকা পালন করতে চান।
resume_35.txt,Experience,"ডাটা বিশ্লেষক হিসেবে তিনি ইস্ট ওয়েস্ট ইউনিভার্সিটি থেকে ডেটা বিশ্লেষক হিসেবে এক্সেল ও এসকিউএল ব্যবহার করে লাইব্রেরি ম্যানেজমেন্ট সিস্টেম (Koha) থেকে বই ইস্যু-রিটার্ন, ব্যবহারকারীর ডেটা সংগ্রহ ও বিশ্লেষণ করেছেন। পূর্বে ইস্ট ওয়েস্ট ইউনিভার্সিটিতে ডেটা বিশ্লেষক হিসাবে এক্সেল ও SQL ব্যবহার করে গ্রন্থাগার ম্যানেজমেন্ট সিস্টেমের Khoha থেকে বই প্রকাশ, রিপ্রেজেন্টেশন এবং ব্যবহারকারীর ডেটা সংগ্রহের অভিজ্ঞতা অর্জন করেছেন।"
resume_35.txt,Education,প্রার্থী ২০১৮ থেকে ২০২০ পর্যন্ত ঢাকা বিশ্ববিদ্যালয় থেকে লাইব্রেরি অ্যান্ড ইনফরমেশন সায়েন্সে এম.এ সম্পন্ন করেছেন। সিজিপিএ ৪.০০ এর মধ্যে ৩.৬০ অর্জন করেছেন।
resume_35.txt,Skill,"ডাটা বিশ্লেষণে এক্সেল ও বেসিক এসকিউএল ব্যবহার করে দক্ষতা রয়েছে, পাশাপাশি পাওয়ার বিআই (বেসিক) দিয়ে ডেটা ভিজুয়ালাইজেশন করতে পারদর্শী। তিনি Khoha লাইব্রেরি ম্যানেজমেন্ট সিস্টেম (Koha) থেকে ডেটা সংগ্রহ ও ব্যবস্থাপনা এবং ইনফরমেশন রিট্রিয়ভ্যাল) পরিচালনা করেন।"
resume_36.txt,Objective,ডাটা-ড্রিভেন প্রতিষ্ঠানে ডাটা সায়েন্টিস্ট হিসেবে কাজ করে মেশিন লার্নিং মডেল তৈরি এবং প্রেডিক্টিভ অ্যানালিটিক্সের মাধ্যমে ব্যবসায়িক সমস্যার সমাধান করতে ইচ্ছুক।
resume_36.txt,Experience,"প্রার্থী জুনিয়র ডাটা সায়েন্টিস্ট হিসেবে ডেটা ল্যাবস বাংলাদেশ থেকে Python (Pandas, Scikit-learn) ব্যবহার করে ডেটা ক্লিনিং, ফিচার ইঞ্জিনিয়ারিং এবং মডেল ট্রেনিং সম্পন্ন করেছেন। পূর্বে ডাটা ল্যাবস বাংলাদেশে জুনিয়র ডাটা ইঞ্জিনিয়ার হিসেবে পাইথন (প্যান্ডাস, স্কিকিট-লের্ন) দিয়ে ডাটা ক্লিনিং ও ফিচার ইঞ্জিনিয়ারিংয়ের অভিজ্ঞতা অর্জন করেছেন।"
resume_36.txt,Education,প্রার্থী ২০১৯ থেকে ২০২১ পর্যন্ত বাংলাদেশ ইউনিভার্সিটি অফ প্রফেশনালস থেকে ডেটা সায়েন্সে এম.এসসি. সম্পন্ন করেছেন। সিজিপিএ ৪.০০ এর মধ্যে ৩.৮০ অর্জন করেছেন।
resume_36.txt,Skill,"প্রার্থী Python, R ও SQL প্রোগ্রামিং ভাষায় পারদর্শী এবং Pandas, NumPy, Scikit-learn, TensorFlow সহ মেশিন লার্নিং অ্যালগরিদম ব্যবহার করে ডেটা ভিজুয়ালাইজেশন করতে পারদর্শী। তিনি Matplotlib, Seaborn এবং Power BI ব্যবহার করে ডাটা ভিজুয়ালাইজ করতে সক্ষম।"
resume_37.txt,Objective,"প্রার্থী আই হাসপাতাল বা অপ্টিক্যাল সেন্টারে অপথোমেট্রিস্ট হিসেবে কাজ করে চোখের রোগ নির্ণয়, ভিশন থেরাপি এবং চশমা বা কন্টাক্ট লেন্সের পরামর্শ দিয়ে রোগীদের সেবা প্রদান করতে ইচ্ছুক।"
resume_37.txt,Experience,"প্রার্থী ভিশন কেয়ার সেন্টারে রেজিস্ট্রার্ড অপথোমেট্রিস্ট হিসেবে কাজ করছেন, যেখানে তিনি রিফ্র্যাকশন, টোনোমেট্রি এবং স্লিট ল্যাম্প এক্সামে চোখের সম্পূর্ণ পরীক্ষা করেছেন।"
resume_37.txt,Education,প্রার্থী ২০১৬ থেকে ২০২০ পর্যন্ত চট্টগ্রাম মেডিকেল বিশ্ববিদ্যালয় থেকে অপথোমেট্রিতে বি.এসসি. সম্পন্ন করেছেন। সিজিপিএ ৪.০০ এর মধ্যে ৩.৭০ অর্জন করেছেন।
resume_37.txt,Skill,"প্রার্থী চোখের রোগ নির্ণয়, অপথোমেট্রিক ইকুইপমেন্ট অপারেশন এবং ভিশন থেরাপি পরিচালনা করতে পারদর্শী। এছাড়া রোগীর সঙ্গে যোগাযোগ করার জন্য ভিশন থেরাপি ব্যবহার করা যায়।"
resume_38.txt,Objective,"প্রার্থী স্কেলেবল ডেটা পাইপলাইন নির্মাণ, ইটিএল প্রসেস অটোমেশন এবং ডেটা ইনফ্রাস্ট্রাকচার পরিচালনার মাধ্যমে প্রতিষ্ঠানের ডেটাচালিত সিদ্ধান্ত গ্রহণে গুরুত্বপূর্ণ ভূমিকা পালন করতে ইচ্ছুক।"
resume_38.txt,Experience,ডাটা ইঞ্জিনিয়ার হিসেবে ক্লাউডটেক সলিউশনসে ডেটা ইঞ্জিনিয়ার হিসেবে অ্যাপাচি এয়ারফ্লো ব্যবহার করে ইটিএল পাইপলাইন ডিজাইন ও অটোমেশন করেছেন।
resume_38.txt,Education,প্রার্থী আমেরিকান ইন্টারন্যাশনাল ইউনিভার্সিটিবাংলাদেশ থেকে ২০১৪ থেকে ২০১৮ পর্যন্ত কম্পিউটার সায়েন্স ও ইঞ্জিনিয়ারিং-এ বি.এসসি. সম্পন্ন করেছেন। সিজিপিএ ৪.০০ এর মধ্যে ৩.৪০ অর্জন করেছেন।
resume_38.txt,Skill,"প্রার্থী অ্যাপাচি এয়ারফ্লো ব্যবহার করে ইটিএল অর্কেস্ট্রেশন, পাইথন (প্যান্ডাস), এসকিউএল এবং বাশ প্রোগ্রামিং ভাষায় পারদর্শী। তিনি AWS (S3, Redshift, Glue, Lambda) এবং Microsoft Azure (বেসিক) ব্যবহার করে ডেটাবেজ পরিচালনা করতে সক্ষম। PostgreSQL ও MySQl ডেটাবেজের ডেটাবেজে পোস্টগ্রেসকিউএল ও My SQL ডাটাবেজ তৈরি করতে পারদর্শী।"
resume_39.txt,Objective,"প্রার্থী জটিল আর্থিক ডেটা বিশ্লেষণ ও রিপোর্টিংয়ের মাধ্যমে প্রতিষ্ঠানের বাজেটিং, ফোরকাস্টিং ও কৌশলগত সিদ্ধান্ত গ্রহণে গুরুত্বপূর্ণ ভূমিকা রাখতে চান।"
resume_39.txt,Experience,"ডাটা বিশ্লেষক হিসেবে মেট্রো ম্যানুফ্যাকচারিং লিমিটেডে ফাইন্যান্সিয়াল ডেটা বিশ্লেষক হিসেবে এসকিউএল ও এক্সেল ব্যবহার করে আর্থিক বিবরণী, বাজেট ও ফোরকাস্টের ডেটা সংগ্রহ ও বিশ্লেষণ করেছেন।"
resume_39.txt,Education,প্রার্থী সিএ (চার্টার্ড অ্যাকাউন্ট্যান্ট) হিসেবে ইনস্টিটিউট অফ চার্টার্ড অ্যাকাউন্ট্যান্টস অফ বাংলাদেশ (ICAB) থেকে ২০১৮ সালে পেশাদার সার্টিফিকেট ইন ডেটা অ্যানালিটিক্সে পেশাদার সার্টিফিকেট অর্জন করেছেন।
resume_39.txt,Skill,"ডাটা বিশ্লেষণে এক্সেল (পাওয়ার কোয়েরি, পিভট টেবিল) এবং এসকিউএল ব্যবহার করে ডেটা বিশ্লেষণ করতে পারদর্শী। পাওয়ার বিআই দিয়ে ফাইন্যান্সিয়াল রিপোর্টিং ও বিশ্লেষণ, বাজেটিং ও ফোরকাস্টিং পরিচালনা করা যায়।"
resume_4.txt,Objective,প্রার্থী মেশিন লার্নিং মডেল ও প্রেডিকটিভ অ্যানালিটিক্স ব্যবহার করে জটিল ব্যবসায়িক চ্যালেঞ্জ সমাধান করতে ইচ্ছুক। ডেটাচালিত সিদ্ধান্ত গ্রহণ প্রক্রিয়ায় গুরুত্বপূর্ণ ভূমিকা পালন করে প্রতিষ্ঠানের সাফল্যে অবদান রাখতে চান।
resume_4.txt,Experience,"ডিজিটাল ইনোভেশন ল্যাবে ডেটা সায়েন্টিস্ট হিসেবে পাইথন ও স্কিকিট-লার্ন ব্যবহার করে কাস্টমার চার্ন প্রেডিকশন মডেল তৈরি করেছেন, যা চার্ন রেট ১৫% কমাতে সহায়তা করেছে।"
resume_4.txt,Education,প্রার্থী ২০১৯ থেকে ২০২১ পর্যন্ত ইউনিভার্সিটি অফ লিবারেল আর্টস বাংলাদেশ থেকে ডেটা সায়েন্সে এম.এসসি সম্পন্ন করেছেন। সিজিপিএ ৪.০০ এর মধ্যে ৩.৪০ অর্জন করেছেন।
resume_4.txt,Skill,"ডাটা প্রোগ্রামিং ভাষায় পাইথন, আর ও এসকিউএল ব্যবহার করে মেশিন লার্নিং করতে পারদর্শী। স্কিকিট-লার্ন, টেনসরফ্লো, কেরাস, পাইটর্চ এবং সিবোর্ন দিয়ে ডেটা ভিজুয়ালাইজেশন করা যায়।"
resume_40.txt,Objective,প্রার্থী প্রাণীর রোগ সংক্রান্ত ডেটা ও চিকিৎসা ইতিহাস বিশ্লেষণ করে রোগ প্রতিরোধ ও স্বাস্থ্য ব্যবস্থাপনা উন্নয়নে গুরুত্বপূর্ণ ভূমিকা রাখতে চান।
resume_40.txt,Experience,"ডাটা বিশ্লেষক হিসেবে পেট কেয়ার অ্যানিমাল হসপিটালে ভেটেরিনারি ডেটা বিশ্লেষক হিসেবে এক্সেল ও এসকিউএল ব্যবহার করে রোগীর ইলেকট্রনিক মেডিকেল রেকর্ড (EMR) থেকে ডেটা সংগ্রহ, বিশ্লেষণ এবং বিশ্লেষণ করেছেন।"
resume_40.txt,Education,ডেটা ম্যানেজমেন্টে ডক্টর অফ ভেটেরিনারি মেডিসিন (DVM) ডিগ্রি বাংলাদেশ কৃষি বিশ্ববিদ্যালয় থেকে ২০১৪ থেকে ২০১৯ পর্যন্ত সম্পন্ন করেছেন। সিজিপিএ ৪.০০ এর মধ্যে ৩.৬০ অর্জন করেছেন।
resume_40.txt,Skill,"ডাটা বিশ্লেষণে এক্সেল ও বেসিক এসকিউএল ব্যবহার করে দক্ষতা রয়েছে, পাশাপাশি পাওয়ার বিআই দিয়ে ডেটা ভিজুয়ালাইজেশন করতে সক্ষম। ইলেকট্রনিক মেডিকেল রেকর্ড (EMR) পরিচালনা এবং রোগ নির্ণয় ও চিকিৎসা সংক্রান্ত ডেটা ট্র্যাকিং করতে পারদর্শী।"
resume_41.txt,Objective,প্রার্থী উৎপাদন ডেটা ও অপারেশনাল মেট্রিক্স বিশ্লেষণের মাধ্যমে উৎপাদন প্রক্রিয়ার দক্ষতা বৃদ্ধি করতে ইচ্ছুক। সিদ্ধান্ত গ্রহণে গুরুত্বপূর্ণ ভূমিকা পালন করে প্রতিষ্ঠানের সাফল্যে অবদান রাখতে চান।
resume_41.txt,Experience,"ডাটা বিশ্লেষক (অপারেশন) হিসেবে প্রিমিয়ার গার্মেন্টস লিমিটেডে ডেটা বিশ্লেষক হিসেবে এক্সেল ও মিনিট্যাব ব্যবহার করে প্রোডাকশন লাইনের ওয়ার্কফ্লো ডেটা সংগ্রহ, বিশ্লেষণ এবং বিশ্লেষণাত্মক কাজ সম্পন্ন করেছেন।"
resume_41.txt,Education,প্রার্থী ২০১৫ থেকে ২০১৯ পর্যন্ত বাংলাদেশ ইউনিভার্সিটি অফ টেক্সটাইল থেকে ইন্ডাস্ট্রিয়াল অ্যান্ড প্রডাকশন ইঞ্জিনিয়ারিং-এ বি.এসসি. সম্পন্ন করেছেন। সিজিপিএ ৪.০০ এর মধ্যে ৩.৫২ অর্জন করেছেন।
resume_41.txt,Skill,"ডাটা বিশ্লেষণে এক্সেল ও মিনিট্যাব ব্যবহার করে দক্ষতা রয়েছে, পাশাপাশি পাওয়ার বিআই দিয়ে ডেটা ভিজুয়ালাইজেশন করতে পারদর্শী। প্রসেস অপ্টিমাইজেশন এবং কোয়ালিটি ম্যানেজমেন্ট সিস্টেমস (ISO 9001) পরিচালনা করতে সক্ষম।"
resume_42.txt,Objective,প্রার্থী নেটওয়ার্ক পারফরম্যান্স ডেটা বিশ্লেষণ ও অপটিমাইজেশনের মাধ্যমে প্রতিষ্ঠানের সার্ভিস কোয়ালিটি উন্নত করতে ইচ্ছুক। এই লক্ষ্য অর্জনের মাধ্যমে প্রতিষ্ঠানের সেবা মান উন্নয়নে গুরুত্বপূর্ণ ভূমিকা রাখতে চান।
resume_42.txt,Experience,"ডাটা বিশ্লেষক হিসেবে বাংলাদেশ টেলিকম লিমিটেডে ডেটা বিশ্লেষক (নেটওয়ার্ক অপারেশন) হিসেবে এক্সেল ও এসকিউএল ব্যবহার করে বেস স্টেশন (BTS) এবং ফাইবার অপটিক নেটওয়ার্কের পারফরম্যান্স ডেটা সংগ্রহ, বিশ্লেষণ এবং বিশ্লেষণ করেছেন।"
resume_42.txt,Education,প্রার্থী ২০১৪ থেকে ২০১৮ পর্যন্ত রাজশাহী প্রকৌশল ও প্রযুক্তি বিশ্ববিদ্যালয় থেকে ইলেক্ট্রনিক ও টেলিকমিউনিকেশন ইঞ্জিনিয়ারিং-এ বি.এসসি. সম্পন্ন করেছেন। সিজিপিএ ৪.০০ এর মধ্যে ৩.৩০ অর্জন করেছেন।
resume_42.txt,Skill,"ডাটা বিশ্লেষণে এক্সেল ও বেসিক এসকিউএল ব্যবহার করে দক্ষতা রয়েছে, পাশাপাশি পাওয়ার বিআই দিয়ে ডেটা ভিজুয়ালাইজেশন করতে পারদর্শী। নেটওয়ার্ক পারফরম্যান্স বিশ্লেষণ এবং ফাইবার অপটিক্স সম্পর্কে জ্ঞান রয়েছে।"
resume_43.txt,Objective,প্রার্থী স্বাস্থ্য খাতের নীতি ও কার্যক্রমের অর্থনৈতিক প্রভাব মূল্যায়ন করতে ইচ্ছুক। ডেটা-চালিত বিশ্লেষণের মাধ্যমে সিদ্ধান্ত গ্রহণ প্রক্রিয়ায় গুরুত্বপূর্ণ ভূমিকা পালন করতে চান।
resume_43.txt,Experience,"ডাটা বিশ্লেষক হিসেবে হেলথ পলিসি প্ল্যানিং ইউনিটে ডেটা বিশ্লেষক হিসেবে এসটিএটিএ ও আর ব্যবহার করে স্বাস্থ্য কার্যক্রমের cost-effectiveness বিশ্লেষণ এবং costbenefit বিশ্লেষণ (CBA) পরিচালনা করেছেন। পূর্বে জুলাই ২০২০ থেকে বর্তমান পর্যন্ত হেলথ পলিসি প্ল্যান ইউনিটে STATA A ও R ব্যবহার করে স্বাস্থ্যসেবা কার্যক্রমের খরচ-উন্নততা বিশ্লেষণ, Costeffectivity বিশ্লেষণ এবং ব্যয়-বেনিফিট বিশ্লেষণ পরিচালনা করেছি।"
resume_43.txt,Education,প্রার্থী ২০১৯ থেকে ২০২১ পর্যন্ত লন্ডন স্কুল অফ হাইজিন অ্যান্ড ট্রপিক্যাল মেডিসিন (দূরশিক্ষণ) থেকে হেলথ ইকোনমিক্সে এম.এসসি. সম্পন্ন করেছেন। তিনি স্যার সলিমুল্লাহ মেডিকেল কলেজ থেকে এমবিবিএস ডিগ্রি অর্জন করেছেন।
resume_43.txt,Skill,"ডাটা বিশ্লেষণে এসটিএ, আর, এক্সেল ব্যবহার করে দক্ষতা রয়েছে। পাওয়ার বিআই দিয়ে ডেটা ভিজুয়ালাইজেশন করতে পারদর্শী। হেলথ ইকোনমিক্সের মেথডস (CEA, CBA) এবং হেলথ পলিসি অ্যানালিসিসে অভিজ্ঞতা রয়েছে।"
resume_44.txt,Objective,"ডাটা টিমে ফ্রন্ট-এন্ড ডেভেলপার হিসেবে কাজ করে React.js এবং আধুনিক জাভাScript ব্যবহার করে রিস্পন্সিভ, পারফরম্যান্সবান্ধব ওয়েব অ্যাপ্লিকেশন তৈরি করতে ইচ্ছুক। এই লক্ষ্য অর্জনের মাধ্যমে ব্যবহারকারীর অভিজ্ঞতা উন্নত করা সম্ভব।"
resume_44.txt,Experience,ডাটা ডেভেলপার হিসেবে ওয়েব ক্রাফ্ট লিমিটেডে ফ্রন্ট-এন্ড সফটওয়্যার ডেভেলপার হিসেবে React.js ও নেক্সট.jস ব্যবহার করে সিঙ্গেল-পেজ অ্যাপ্লিকেশন তৈরি করছেন। RESTful API এর সঙ্গে ইন্টিগ্রেশন করেছেন।
resume_44.txt,Education,প্রার্থী ২০১৬ থেকে ২০২০ পর্যন্ত ব্র্যাক ইউনিভার্সিটি থেকে কম্পিউটার সায়েন্স ও ইঞ্জিনিয়ারিং-এ বি.এসসি. সম্পন্ন করেছেন। সিজিপিএ ৪.০০ এর মধ্যে ৩.৪৫ অর্জন করেছেন।
resume_44.txt,Skill,"প্রার্থী জাভাস্ক্রিপ্ট (ES6+), TypeScript, HTML5, CSS3 এবং Redux, Context API ব্যবহার করে ফ্রেমওয়ার্ক ও লাইব্রেরি পরিচালনা করতে পারদর্শী। এছাড়া Git, Webpack, NPm/yarn সহ বিভিন্ন টুলস ব্যবহার করে স্টেট ম্যানেজমেন্টে দক্ষতা রয়েছে।"
resume_45.txt,Objective,"প্রার্থী বর্জ্য ব্যবস্থাপনা, পানি শোধন ও পরিবেশগত প্রভাব সংক্রান্ত ডেটা বিশ্লেষণের মাধ্যমে টেকসই উন্নয়ন ও সিদ্ধান্ত গ্রহণে গুরুত্বপূর্ণ ভূমিকা রাখতে চান।"
resume_45.txt,Experience,"ডাটা বিশ্লেষক হিসেবে ইকো কনসাল্টেন্টস লিমিটেডে ডেটা বিশ্লেষক (এনভায়রনমেন্টাল) হিসেবে এক্সেল ও এসকিউএল ব্যবহার করে ইন্ডাস্ট্রিয়াল ইফ্লুয়েন্ট ট্রিটমেন্ট প্ল্যান্টের পারফরম্যান্স ডেটা সংগ্রহ, বিশ্লেষণ এবং বিশ্লেষণ করেছেন।"
resume_45.txt,Education,প্রার্থী ২০১৬ থেকে ২০২০ পর্যন্ত খুলনা প্রকৌশল ও প্রযুক্তি বিশ্ববিদ্যালয় থেকে পরিবেশ প্রকৌশলে বি.এসসি. সম্পন্ন করেছেন। সিজিপিএ ৪.০০ এর মধ্যে ৩.৪০ অর্জন করেছেন।
resume_45.txt,Skill,"ডাটা বিশ্লেষণে এক্সেল ও বেসিক এসকিউএল ব্যবহার করে দক্ষতা রয়েছে, পাশাপাশি পাওয়ার বিআই দিয়ে ডেটা ভিজুয়ালাইজেশন করতে পারদর্শী। পরিবেশগত ডেটা ম্যানেজমেন্ট এবং ওয়েস্টওয়াটার ট্রিটমেন্ট (ইটিপি/এসটিপি) ডেটা বিশ্লেষণে পারদর্শী।"
resume_46.txt,Objective,প্রার্থী ইন্টারেক্টিভ অ্যানিমেশন ও ভিজুয়াল ইফেক্টস তৈরির টুল এবং ওয়েব-ভিত্তিক মাল্টিমিডিয়া অ্যাপ্লিকেশন তৈরি করতে ইচ্ছুক। ডিজিটাল কন্টেন্ট তৈরি প্রক্রিয়ায় গুরুত্বপূর্ণ ভূমিকা পালন করতে চান।
resume_46.txt,Experience,"প্রার্থী সফটওয়্যার ইঞ্জিনিয়ার (ক্রিয়েটিভ টেক) হিসেবে ক্রিয়েটিভ মিডিয়া ওয়ার্কসে সফটওয়্যার ইঞ্জিনিয়ার হিসেবে জাভাস্ক্রিপ্ট ও Three.js লাইব্রেরি ব্যবহার করে ওয়েব-ভিত্তিক 3D অ্যানিমেশন এবং ইন্টারেক্টিভ ভিজুয়াল ইফেক্ট তৈরি করেছেন। পূর্বে ক্রিয়েটিভমিডিয়া ওয়ার্কস-এ কাজ করে ওয়েবভিত্তিক ৩ডি অ্যানিমেশন, ইন্টিগ্রেশন ভিজুয়ালাইজেশন সম্পন্ন করেছেন।"
resume_46.txt,Education,প্রার্থী ২০১৬ থেকে ২০২০ পর্যন্ত শান্ত-মারিয়াম ইউনিভার্সিটি অফ ক্রিয়েটিভ টেকনোলজি থেকে গ্রাফিক ডিজাইনে বিএফএ (গ্রাফিক ডিজাইন) সম্পন্ন করেছেন। সিজিপিএ ৪.০০ এর মধ্যে ৩.৫০ অর্জন করেছেন।
resume_46.txt,Skill,"প্রার্থী জাভাস্ক্রিপ্ট, রিঅ্যাক্ট জেএস, Three.js এবং ওয়েবজিএল ব্যবহার করে ব্যাকএন্ড ডেভেলপমেন্টে পারদর্শী। পাইথন ও জ্যাঙ্গো ডেটাবেজে ক্রিয়েটিভ টুলস হিসেবে Adobe After Effects, Premiere Pro (স্ক্রিপ্টিং ও অটোমেশন) এবং ফিগমা ডেটাবেজ পরিচালনা করতে পারদর্শী।"
resume_47.txt,Objective,"প্রার্থী ইনভেন্টরি, লজিস্টিকস ও ডিমান্ড ফোরকাস্টিং ডেটা বিশ্লেষণ করে সাপ্লাই চেইনের কার্যকারিতা বাড়াতে ইচ্ছুক। সিদ্ধান্ত গ্রহণ প্রক্রিয়ায় গুরুত্বপূর্ণ ভূমিকা পালন করতে চান।"
resume_47.txt,Experience,"ডাটা বিশ্লেষক (সাপ্লাই চেইন) হিসেবে কুইক সাপ্লাই চেইন লিমিটেডে ডেটা বিশ্লেষক হিসেবে এক্সেল ও এসকিউএল ব্যবহার করে ইনভেন্টরি টার্নওভার, সেফটি স্টক লেভেলের ডেটা সংগ্রহ, বিশ্লেষণ এবং বিশ্লেষণ করেছেন। পূর্বে আগস্ট ২০২০ থেকে বর্তমান পর্যন্ত কুইক সাপ্লাই চেন লিমিটেডে তথ্য বিশ্লেষক হিসেবে ইনভেন্টরির টার্নওভার ও সেফটি স্টক স্তরের ডেটা সংগ্রহ ও বিশ্লেষণ করেছি।"
resume_47.txt,Education,প্রার্থী ২০১৬ থেকে ২০২০ পর্যন্ত ইস্টার্ন ইউনিভার্সিটি থেকে সাপ্লাই চেইন ম্যানেজমেন্টে বি.বি.এ সম্পন্ন করেছেন। সিজিপিএ ৪.০০ এর মধ্যে ৩.৬০ অর্জন করেছেন।
resume_47.txt,Skill,"ডাটা বিশ্লেষণে এক্সেল ও বেসিক এসকিউএল ব্যবহার করে দক্ষতা রয়েছে, পাশাপাশি পাওয়ার বিআই দিয়ে ডেটা ভিজুয়ালাইজেশন করতে পারদর্শী। সাপ্লাই চেইন অ্যানালিটিক্স এবং ইনভেন্টরি ম্যানেজমেন্ট ও ডিমান্ড প্ল্যানিংয়ে দক্ষ।"
resume_48.txt,Objective,প্রার্থী ডেটা অ্যানালিস্ট হিসেবে কাজ করে নিজের দক্ষতা তুলে ধরে বাস্তব জীবনে প্রয়োগ করতে চান।
resume_48.txt,Experience,"প্রার্থী বিগএইস লিমিটেডে ডেটা অ্যানালিস্ট হিসেবে ২০২৪ থেকে কাজ করছেন। তিনি ডেটাসেট বিশ্লেষণ, সঠিক টুলস ব্যবহার করে রিপোর্ট প্রস্তুত করেন।"
resume_48.txt,Education,প্রার্থী ঢাকা বিশ্ববিদ্যালয় থেকে ফলিত গণিতে বি.এসসি সম্পন্ন করেছেন। সিজিপিএ ৪.০০ এর মধ্যে ৩.৭০ অর্জন করেছেন।
resume_48.txt,Skill,"প্রার্থী Hadoop, Power BI এবং Matplotlib ব্যবহার করে ডেটা প্রক্রিয়াকরণ করতে পারদর্শী। এছাড়া, তিনি ম্যাটপ্লটলিব প্রোগ্রামিং ভাষায় দক্ষতা রাখেন।"
resume_49.txt,Objective,প্রার্থী ফার্মাসিউটিক্যাল কোম্পানিতে মেডিকেল রিপ্রেজেন্টেটিভ হিসেবে কাজ করতে ইচ্ছুক। ডাক্তার ও ফার্মাসিস্টদের সঙ্গে সম্পর্ক গড়ে তুলে কোম্পানির পণ্য সম্পর্কে সচেতনতা বৃদ্ধি করতে চাই। বিক্রয় লক্ষ্যমাত্রা অর্জনের মাধ্যমে কোম্পানির সাফল্যে অবদান রাখতে চাই।
resume_49.txt,Experience,প্রার্থী লাইফকেয়ার ফার্মা লিমিটেডে মেডিকেল রিপ্রেজেন্টেটিভ হিসেবে কাজ করছেন। তিনি ঢাকা উত্তর অঞ্চলের ডাক্তার ও ফার্মাসিস্টদের নিয়মিত ভিজিট করেন এবং কোম্পানির নতুন ও বিদ্যমান পণ্য সম্পর্কে বৈজ্ঞানিক উপস্থাপনা প্রদান করেন।
resume_49.txt,Education,প্রার্থী ২০১৬ থেকে ২০২০ পর্যন্ত ঢাকা বিশ্ববিদ্যালয় থেকে বি. ফার্ম (অনার্স) সম্পন্ন করেছেন। সিজিপিএ ৪.০০ এর মধ্যে ৩.২০ অর্জন করেছেন।
resume_49.txt,Skill,প্রার্থী সেলস ও মার্কেটিং-এ দক্ষ এবং মেডিকেল জ্ঞান (ফার্মাকোলজি) ব্যবহার করে সম্পর্ক তৈরি করতে পারদর্শী। যোগাযোগ ও উপস্থাপনা দক্ষতাও গুরুত্বপূর্ণ।
resume_5.txt,Objective,"প্রার্থী একটি প্রগতিশীল প্রতিষ্ঠানে মানবসম্পদ ব্যবস্থাপক হিসেবে কাজ করতে ইচ্ছুক। কৌশলগত HR পরিকল্পনা, ট্যালেন্ট অ্যাকুইজিশন ও কর্মচারী সম্পর্ক পরিচালনার মাধ্যমে প্রতিষ্ঠানের লক্ষ্য অর্জনে সক্রিয়ভাবে অবদান রাখতে চাই।"
resume_5.txt,Experience,"ডাটা ম্যানেজার হিসেবে স্টার টেকনোলজিসে এইচআর ম্যানেজার হিসেবে তিনি সম্পূর্ণ রিক্রুটমেন্ট সাইকেল পরিচালনা, জব পোস্টিং থেকে ফাইনাল সিলেকশন পর্যন্ত কাজ করছেন।"
resume_5.txt,Education,"প্রার্থী ২০১৩ থেকে ২০১৫ পর্যন্ত ইনডিপেন্ডেন্ট ইউনিভার্সিটি, বাংলাদেশ থেকে হিউম্যান রিসোর্স ম্যানেজমেন্টে এমবিএ সম্পন্ন করেছেন। সিজিপিএ ৪.০০ এর মধ্যে ৩.৭০ অর্জন করেছেন।"
resume_5.txt,Skill,"প্রার্থী ট্যালেন্ট অ্যাকুইজিশন, রিক্রুটমেন্ট এবং পারফরম্যান্স ম্যানেজমেন্টে দক্ষ। এইচআরএমএস (হিউম্যান রিসোর্স ম্যানেজমেন্ট সিস্টেম) ব্যবহার করে পারফরম্যান্স ম্যানেজমেন্ট, পারফরম্যান্স ম্যানেজমেন্ট এবং HRMS (Human Resource Management System) পরিচালনায় দক্ষতা রয়েছে।"
resume_50.txt,Objective,ডেটা ও টেরিটরি পারফরম্যান্স বিশ্লেষণের মাধ্যমে ফার্মাসিউটিক্যাল মার্কেটিং কৌশল উন্নয়নে সক্রিয়ভাবে অবদান রাখতে ইচ্ছুক। এই লক্ষ্য অর্জনের মাধ্যমে প্রতিষ্ঠানের সাফল্যে অবদান রাখতে চান।
resume_50.txt,Experience,"ডাটা বিশ্লেষক হিসেবে লাইফকেয়ার ফার্মা লিমিটেডে ডেটা বিশ্লেষক হিসেবে এক্সেল ও এসকিউএল ব্যবহার করে টেরিটরি ভিত্তিক বিক্রয় ডেটা সংগ্রহ, বিশ্লেষণ এবং বিশ্লেষণাত্মক কাজ করেছেন।"
resume_50.txt,Education,প্রার্থী ২০১৬ থেকে ২০২০ পর্যন্ত ঢাকা বিশ্ববিদ্যালয় থেকে বি. ফার্ম (অনার্স) সম্পন্ন করেছেন। সিজিপিএ ৪.০০ এর মধ্যে ৩.২০ অর্জন করেছেন।
resume_50.txt,Skill,"ডাটা বিশ্লেষণে এক্সেল ও বেসিক এসকিউএল ব্যবহার করে দক্ষতা রয়েছে, পাশাপাশি পাওয়ার বিআই দিয়ে ডেটা ভিজুয়ালাইজেশন করতে পারদর্শী। সেলস ডেটা অ্যানালিটিক্স এবং ফার্মাসিউটিক্যাল মার্কেটিংয়ে অভিজ্ঞতা রয়েছে।"
resume_51.txt,Objective,সফটওয়্যার কোম্পানিতে সফটওয়্যার ইঞ্জিনিয়ার হিসেবে কাজ করে নিজের অভিজ্ঞতা ব্যবহার করে স্কেলেবল ও কার্যকর অ্যাপ্লিকেশন তৈরি করতে ইচ্ছুক। এই লক্ষ্য অর্জনের মাধ্যমে প্রতিষ্ঠানের সাফল্যে অবদান রাখতে চান।
resume_51.txt,Experience,"প্রার্থী ২০২৩ থেকে বর্তমান পর্যন্ত বাইটকেয়ারে সফটওয়্যার ইঞ্জিনিয়ার হিসেবে কাজ করছেন, যেখানে তিনি ওয়েব অ্যাপ্লিকেশন ডেভেলপমেন্ট, টেকনোভা (২০২২২০২৩) এবং কোডসফটে জুনিয়র ডেভেলপার হিসেবে এপিআই ইন্টিগ্রেশন করেছেন।"
resume_51.txt,Education,প্রার্থী ঢাকা বিশ্ববিদ্যালয় থেকে সি.এস.ই সম্পন্ন করেছেন। সিজিপিএ ৪.০০ এর মধ্যে ৩.৬৫ অর্জন করেছেন।
resume_51.txt,Skill,প্রার্থী জাভা ও স্প্রিং বুট ব্যবহার করে অ্যাপ্লিকেশন ডেভেলপমেন্টে পারদর্শী। তিনি MySQL এবং Python প্রোগ্রামিং ভাষায় দক্ষতা রাখেন।
resume_52.txt,Objective,ডাটা অ্যানালিস্ট হিসেবে কাজ করে নিজের শিক্ষা ও পূর্ব পেশাগত দক্ষতা ব্যবহার করে ব্যবসায়িক সিদ্ধান্তে সহায়তা করা।
resume_52.txt,Experience,"প্রার্থী ডেটাটেক-এ ডেটা অ্যানালিস্ট হিসেবে ২০২১ থেকে কাজ করছেন, যেখানে ডেটা ক্লিনিং, ভিজ্যুয়ালাইজেশন এবং রিপোর্টিং দক্ষতা রয়েছে। পূর্বে তিনি গেজেটদুনিয়া ডট কম-এ ইন্টার্ন হিসেবে ডেটা বিশ্লেষণ ও রিপোর্টিং কাজে অভিজ্ঞতা অর্জন করেছেন।"
resume_52.txt,Education,ডাটা সায়েন্সে বি.এস.সি. সম্পন্ন করেছেন জাহাঙ্গীরনগর বিশ্ববিদ্যালয় থেকে। সিজিপিএ ৪.০০ এর মধ্যে ৩.৭০ অর্জন করেছেন।
resume_52.txt,Skill,তথ্য নেই।
resume_53.txt,Objective,ব্যাকএন্ড সফটওয়্যার ইঞ্জিনিয়ার হিসেবে কাজ করে নির্ভরযোগ্য সার্ভার সিস্টেম তৈরি করা এবং মানোন্নয়ন করা। এই লক্ষ্য অর্জনের মাধ্যমে প্রতিষ্ঠানের সাফল্যে অবদান রাখতে চান।
resume_53.txt,Experience,"ডাটা ডেভেলপার হিসেবে স্যামসাং বাংলাদেশে কাজ করছেন, যেখানে তিনি Node.js ও Express ব্যবহার করে সার্ভারসাইড অ্যাপ তৈরি এবং MongoDB দিয়ে ডাটাবেজ ম্যানেজমেন্টের অভিজ্ঞতা অর্জন করেছেন।"
resume_53.txt,Education,প্রার্থী চট্টগ্রাম বিশ্ববিদ্যালয় থেকে সিএসই-তে বি.এসসি সম্পন্ন করেছেন। সিজিপিএ ৪.০০ এর মধ্যে ৩.৫০ অর্জন করেছেন।
resume_53.txt,Skill,"প্রার্থী Python, JAVA এবং Node.js ব্যবহার করে ডেটা প্রক্রিয়াকরণে পারদর্শী। তিনি জাভা ও জাভা প্রোগ্রামিং ভাষায় দক্ষতা রাখেন।"
resume_54.txt,Objective,প্রার্থী একজন দক্ষ ডেটা অ্যানালিস্ট হিসেবে কাজ করে পূর্ববর্তী জ্ঞান প্রয়োগ করতে ইচ্ছুক। ডেটা থেকে ইনসাইট বের করে ব্যবসায়িক সিদ্ধান্ত গ্রহণে সহায়তা করা তার প্রধান লক্ষ্য।
resume_54.txt,Experience,"প্রার্থী ২০২৩ থেকে ২০২৫ পর্যন্ত বাইটস্টেশনে জুনিয়র ডেটা অ্যানালিস্ট হিসেবে কাজ করেছেন, পাশাপাশি ২০২২ সালে কিউবিটস টেকনোলোজিসে ডেটা বিশ্লেষণে শিক্ষানবিশ হিসেবে অভিজ্ঞতা অর্জন করেছেন।"
resume_54.txt,Education,প্রার্থী সিলেট ইঞ্জিনিয়ারিং কলেজ থেকে সিএস-এ বি.এসসি সম্পন্ন করেছেন। সিজিপিএ ৪.০০ এর মধ্যে ৩.৫৫ অর্জন করেছেন।
resume_54.txt,Skill,তথ্য নেই।
resume_55.txt,Objective,প্রার্থী ফুলস্ট্যাক সফটওয়্যার ইঞ্জিনিয়ার হিসেবে স্বনামধন্য প্রতিষ্ঠানে কাজ করতে ইচ্ছুক। নিজের শিক্ষা ও অভিজ্ঞতা ব্যবহার করে প্রতিষ্ঠানের সাফল্যে অবদান রাখতে চান।
resume_55.txt,Experience,ডাটাসলিউশন বিডিতে সিনিয়র ফুলস্ট্যাক ডেভেলপার হিসেবে ২০২৩ থেকে বর্তমান পর্যন্ত কাজ করছেন। পূর্বে ব্র্যাক আইটিতে জুনিয়র ফ্রন্টএন্ড ডেভেলপার হিসেবে কাজ করেছেন।
resume_55.txt,Education,প্রার্থী ঢাকা বিশ্ববিদ্যালয় থেকে সফটওয়্যার ইঞ্জিনিয়ারিং-এ বি.এস.সি. সম্পন্ন করেছেন। সিজিপিএ ৪.০০ এর মধ্যে ৩.৭৯ অর্জন করেছেন।
resume_55.txt,Skill,তথ্য নেই।
resume_56.txt,Objective,ডাটা বিশ্লেষণ ও ডেটা থেকে প্রয়োজনীয় তথ্য বের করে সিদ্ধান্ত গ্রহণে সহায়তা করা।
resume_56.txt,Experience,প্রার্থী ২০২৩ থেকে বর্তমান পর্যন্ত বাইটকেয়ার লিমিটেডে জুনিয়র ডেটা এনালিস্ট হিসেবে কাজ করছেন। পূর্বে জানুয়ারি ২০২০ থেকে জুলাই ২০২০ পর্যন্ত ওয়াল্টন বাংলাদেশে ডেটা অ্যানালিস্ট শিক্ষানবিশ হিসেবে কাজ করেছেন।
resume_56.txt,Education,প্রার্থী বাংলাদেশ ইউনিভার্সিটি অব প্রফেশনালস থেকে সিএসই-তে বি.এসসি সম্পন্ন করেছেন। সিজিপিএ ৪.০০ এর মধ্যে ৩.৮০ অর্জন করেছেন।
resume_56.txt,Skill,তথ্য নেই।
resume_57.txt,Objective,প্রার্থী সফটওয়্যার ইঞ্জিনিয়ার হিসেবে ক্লাউড ভিত্তিক অ্যাপ্লিকেশন তৈরি ও মানোন্নয়নে ইচ্ছুক। এই লক্ষ্য অর্জনের মাধ্যমে প্রতিষ্ঠানের প্রযুক্তিগত উন্নয়নে অবদান রাখতে চান।
resume_57.txt,Experience,ডাটাটেক-এ জুনিয়র সফটওয়্যার ইঞ্জিনিয়ার হিসেবে ২০২২ থেকে বর্তমান পর্যন্ত কাজ করছেন। পূর্বে ২০২০ থেকে ২০২১ পর্যন্ত টেকনোমিডিয়াতে সফটওয়্যার ডেভেলপার হিসেবে কাজ করেছেন।
resume_57.txt,Education,ডাটা সায়েন্সে বি.এস.সি. সম্পন্ন করেছেন বরিশাল বিশ্ববিদ্যালয় থেকে। সিজিপিএ ৪.০০ এর মধ্যে ৩.৪৫ অর্জন করেছেন।
resume_57.txt,Skill,"প্রার্থী Docker এবং Python Dockers ব্যবহার করে সফটওয়্যার ডেভেলপমেন্টে পারদর্শী। এছাড়া, তিনি পাইথন প্রোগ্রামিং ভাষায় দক্ষতা রাখেন।"
resume_58.txt,Objective,ডাটা এনালিস্ট হিসেবে কাজ করে নিজের অভিজ্ঞতা তুলে ধরে প্রতিষ্ঠানের ডেটা ড্রিভেন সিদ্ধান্তে অবদান রাখতে ইচ্ছুক। এই লক্ষ্য অর্জনের জন্য তিনি তার অভিজ্ঞতাগুলোকে ব্যবহার করতে চান।
resume_58.txt,Experience,প্রার্থী ডেটাসলিউশনে ডেটা এনালিস্ট হিসেবে ২০২৪ থেকে বর্তমান পর্যন্ত বড় ডেটাসেট বিশ্লেষণ করে ব্যবসায়িক প্রবণতা নির্ধারণ করেন। SQL ও Python ব্যবহার করে ডেটা প্রক্রিয়াকরণ এবং ভিজুয়ালাইজেশন রিপোর্ট প্রস্তুত করেন।
resume_58.txt,Education,প্রার্থী জগন্নাথ কলেজ থেকে সিএসই-তে বি.এসসি সম্পন্ন করেছেন। সিজিপিএ ৪.০০ এর মধ্যে ৩.৭০ অর্জন করেছেন।
resume_58.txt,Skill,প্রার্থী Excel ও Python প্রোগ্রামিং ভাষায় পারদর্শী এবং গুগল ক্লাউডে ডেটা প্রক্রিয়াকরণে দক্ষ। তিনি পাইথন ও গুগল কোল্যাব ব্যবহার করে ডেটা বিশ্লেষণ করতে সক্ষম।
resume_59.txt,Objective,"প্রার্থী দক্ষ ও স্বতঃস্ফূর্ত সফটওয়্যার ইঞ্জিনিয়ার হিসেবে নিরাপদ সফটওয়্যার তৈরি, রক্ষণাবেক্ষণ এবং মানোন্নয়নের লক্ষ্য রাখেন। এই লক্ষ্য অর্জনের মাধ্যমে প্রতিষ্ঠানের সাফল্যে অবদান রাখতে চান।"
resume_59.txt,Experience,"ডাটা ডেভেলপার হিসেবে সিকিউরটেক-এ ২০২৩ থেকে কাজ করছেন, যেখানে জাভা ও স্প্রিংবুট ব্যবহার করে অ্যাপ ডেভেলপমেন্ট, অথেন্টিকেশন ও সিকিউরিটি ফিচার বাস্তবায়ন করেছেন। রেস্ট এপিআই ডেভেলপমেন্টে অভিজ্ঞতা রয়েছে।"
resume_59.txt,Education,প্রার্থী গাজীপুর প্রযুক্তি বিশ্ববিদ্যালয় থেকে সিএসই-তে বি.এসসি সম্পন্ন করেছেন। সিজিপিএ ৪.০০ এর মধ্যে ৩.৬৫ অর্জন করেছেন।
resume_59.txt,Skill,"প্রার্থী জাভা ও স্প্রিং ফ্রেমওয়ার্কে পারদর্শী এবং Spring Frameworkে REST API ব্যবহার করে ওয়েব অ্যাপ্লিকেশন তৈরি করতে সক্ষম। এছাড়া, Autensitiveness ও Authorization অভিজ্ঞতা রয়েছে।"
resume_6.txt,Objective,ডাটা অ্যানালিস্ট হিসেবে চ্যালেঞ্জিং পরিবেশে কাজ করতে ইচ্ছুক। পরিসংখ্যানগত জ্ঞান ও ডাটা ভিজুয়ালাইজেশন দক্ষতা ব্যবহার করে ব্যবসায়িক সিদ্ধান্ত গ্রহণে সহায়তা করতে চাই।
resume_6.txt,Experience,ডেটা অ্যানালিস্ট ইন্টার্ন হিসেবে তিনি ডাটা ড্রিভেন ইনসাইটস লিমিটেডে ডাটা অ্যানালিস্ট শিক্ষানবিশ হিসেবে SQL কুয়েরি ব্যবহার করে ক্লায়েন্ট ডাটাবেস থেকে ডেটা এক্সট্রাক্ট ও ক্লিনিং করেন।
resume_6.txt,Education,প্রার্থী ২০১৮ থেকে ২০২২ পর্যন্ত ঢাকা কলেজ থেকে স্ট্যাটিস্টিক্স-এ বি.এসসি. সম্পন্ন করেছেন। সিজিপিএ ৪.০০ এর মধ্যে ৩.৬০ অর্জন করেছেন।
resume_6.txt,Skill,"প্রার্থী Python, R প্রোগ্রামিং ভাষায় পারদর্শী এবং MySQL ও Postgre SQL ডাটাবেজ ব্যবহার করে ডেটা ভিজুয়ালাইজেশন করতে পারদর্শী। Power BI, Tableau, Matplotlib, Seaborn সহ বিভিন্ন সফটওয়্যারে পারদর্শী। এছাড়া Microsoft Excel (এডভান্সড) ও Jupyter Notebook টুলস ব্যবহার করে ডাটা ভিজুয়ালাইজ করতে সক্ষম।"
resume_60.txt,Objective,ডাটা অ্যানালিস্ট হিসেবে মেশিন লার্নিং ভিত্তিক ইনসাইট তৈরি করতে ইচ্ছুক। এই লক্ষ্য অর্জনের জন্য ডেটা বিশ্লেষণ ও বিশ্লেষণাত্মক দক্ষতা বৃদ্ধি করা।
resume_60.txt,Experience,"প্রার্থী ডেটা ল্যাব-এ ডেটা অ্যানালিস্ট হিসেবে ২০২১ থেকে কাজ করছেন, যেখানে তিনি মেশিন লার্নিং মডেল তৈরি, ডেটা প্রিপ্রসেসিং ও ফিচার সিলেকশন এবং পাইথন দিয়ে ডেটা বিশ্লেষণ করতে পারদর্শী।"
resume_60.txt,Education,প্রার্থী মিলিটারি ইন্সটিটিউট অব সায়েন্স এন্ড টেকনোলোজি থেকে বিএসসি ইন ইইই সম্পন্ন করেছেন। সিজিপিএ ৩.৮০ (৪.০০ স্কেলে) অর্জন করেছেন।
resume_60.txt,Skill,"প্রার্থী Python এবং Scikit-learn ব্যবহার করে মেশিন লার্নিং করতে পারদর্শী। এছাড়া, Excel দিয়ে ডেটা প্রক্রিয়াকরণ ও বিশ্লেষণে দক্ষতা রয়েছে।"
resume_61.txt,Objective,ডেটা ইঞ্জিনিয়ার হিসেবে ব্যাকএন্ড সফটওয়্যার ইঞ্জিনিয়ার হিসেবে ডাটাবেজ সিস্টেম উন্নত করতে ইচ্ছুক। এই লক্ষ্য অর্জনের মাধ্যমে প্রতিষ্ঠানের সাফল্যে অবদান রাখতে চান।
resume_61.txt,Experience,"প্রার্থী ফুলস্ট্যাক ডেভেলপার হিসেবে ডিএসআইতে ২০২৩ থেকে ২০২৫ পর্যন্ত ডেটাবেজ ডিজাইন ও কুয়েরি মানোন্নয়ন, পোস্টগ্রেসকিউএল ও MySQL ব্যবহার করে ডেটাবেজের ডিজাইন ও কোয়েরি মানোন্নয়নে কাজ করেছেন। এছাড়া তিনি Postgre SQL ও মাইএসকিউএল প্রোগ্রামিং ভাষায় দক্ষতা অর্জন করেছেন।"
resume_61.txt,Education,প্রার্থী আহসানউল্লাহ ইন্সটিটিউট অব সাইন্স এন্ড টেকনোলোজি থেকে আইটিতে বিএসসি সম্পন্ন করেছেন। সিজিপিএ ৪.০০ এর মধ্যে ৩.৫০ অর্জন করেছেন।
resume_61.txt,Skill,"প্রার্থী MySQL ব্যবহার করে ডেটা বিশ্লেষণ এবং পোস্টগ্রেসকিউএল সমাধান তৈরি করতে পারদর্শী। এছাড়া, তিনি Postgre SQL প্রোগ্রামিং ভাষায় দক্ষতা রাখেন।"
resume_62.txt,Objective,প্রার্থী ডেটা অ্যানালিস্ট হিসেবে কাজ করে বৃহৎ ডেটা বিশ্লেষণ করতে ইচ্ছুক। বিশ্লেষণের মাধ্যমে সঠিক সিদ্ধান্তে উপনীত হওয়ার লক্ষ্য রাখেন।
resume_62.txt,Experience,"প্রার্থী বিগডেটা ল্যাবে ডেটা অ্যানালিস্ট হিসেবে ২০২৪ থেকে কাজ করছেন। তিনি ডেটাসেট বিশ্লেষণ, রিপোর্ট প্রস্তুত এবং উপস্থাপন করেন।"
resume_62.txt,Education,প্রার্থী সরকারি তিতুমীর কলেজ থেকে গণিত বিষয়ে বি.এসসি সম্পন্ন করেছেন। সিজিপিএ ৪.০০ এর মধ্যে ৩.৬৮ অর্জন করেছেন।
resume_62.txt,Skill,"প্রার্থী Hadoop এবং Power BI ব্যবহার করে ডেটাবেস পরিচালনা করতে পারদর্শী। এছাড়া, তিনি পাওয়ার BI দিয়ে ডেটা প্রক্রিয়াকরণে দক্ষতা রাখেন।"
resume_63.txt,Objective,প্রার্থী সফটওয়্যার কোম্পানিতে জুনিয়র সফটওয়্যার ইঞ্জিনিয়ার হিসেবে কাজ করার সুযোগ খুঁজছেন। ওয়েব ডেভেলপমেন্ট ও প্রোগ্রামিং দক্ষতা ব্যবহার করে টিমের সঙ্গে ব্যবহারকারীবান্ধব অ্যাপ্লিকেশন তৈরি করতে ইচ্ছুক। এই লক্ষ্য অর্জনের মাধ্যমে প্রতিষ্ঠানের সাফল্যে অবদান রাখতে চাই।
resume_63.txt,Experience,ডেটা ইঞ্জিনিয়ার হিসেবে টেকসোল ইউকে-বিডি লিমিটেডে জুনিয়র সফটওয়্যার ইঞ্জিনিয়ার হিসেবে জাভাস্ক্রিপ্ট ও রিঅ্যাক্ট ব্যবহার করে ফ্রন্টএন্ড কম্পোনেন্ট তৈরি করছেন। টিমের সঙ্গে মিলে API ইন্টিগ্রেশন ও টেস্টিং সম্পন্ন করেছেন।
resume_63.txt,Education,প্রার্থী আমেরিকান ইন্টারন্যাশনাল ইউনিভার্সিটিবাংলাদেশ থেকে ২০১৮ থেকে ২০২২ পর্যন্ত কম্পিউটার সায়েন্স ও ইঞ্জিনিয়ারিং-এ বি.এসসি সম্পন্ন করেছেন। সিজিপিএ ৪.০০ এর মধ্যে ৩.৪০ অর্জন করেছেন।
resume_63.txt,Skill,"ডাটা ফ্রন্টএন্ড ডেভেলপমেন্টে রিঅ্যাক্ট, জাভাস্ক্রিপ্ট, HTML, CSS এবং বেসিক নোড.জেএস ব্যবহার করে দক্ষতা রয়েছে। এছাড়া টিমওয়ার্ক ও কমিউনিকেশনের অভিজ্ঞতা রয়েছে।"
resume_64.txt,Objective,ডাটা ডেভেলপার হিসেবে মোবাইল অ্যাপ ডেভেলপমেন্ট কোম্পানিতে কাজ করতে ইচ্ছুক। কোটলিন ও জেটপ্যাক কম্পোজ জ্ঞান ব্যবহার করে ইউজারফ্রেন্ডলি মোবাইল অ্যাপ্লিকেশন তৈরি করতে সক্ষম।
resume_64.txt,Experience,"ডাটা ডেভেলপার হিসেবে মার্চ ২০২২ থেকে অ্যাপবারি টেকনোলজিসে নেটিভ অ্যান্ড্রয়েড অ্যাপের উন্নয়ন, রক্ষণাবেক্ষণ এবং ফায়ারবেস ও রেস্ট এপিআই ইন্টিগ্রেশন করছেন।"
resume_64.txt,Education,প্রার্থী ২০১৬ থেকে ২০২০ পর্যন্ত চট্টগ্রাম বিশ্ববিদ্যালয় থেকে কম্পিউটার সায়েন্স ও ইঞ্জিনিয়ারিং-এ বি.এসসি সম্পন্ন করেছেন। সিজিপিএ ৪.০০ এর মধ্যে ৩.৬৫ অর্জন করেছেন।
resume_64.txt,Skill,"প্রার্থী কোটলিন ব্যবহার করে জেটপ্যাক কম্পোজ ও ফায়ারবেস কম্পোজ করতে পারদর্শী। এছাড়া, রেস্ট এপিআই-তে অভিজ্ঞতা রয়েছে।"
resume_65.txt,Objective,ডাটা ডেভেলপার হিসেবে মোবাইল অ্যাপ ডেভেলপমেন্ট কোম্পানিতে কাজ করতে ইচ্ছুক। কোটলিন ও জেটপ্যাক কম্পোজ জ্ঞান ব্যবহার করে ইউজারফ্রেন্ডলি মোবাইল অ্যাপ্লিকেশন তৈরি করতে সক্ষম।
resume_65.txt,Experience,"ডাটা ডেভেলপার হিসেবে মার্চ ২০২২ থেকে অ্যাপবারি টেকনোলজিসে নেটিভ অ্যান্ড্রয়েড অ্যাপের উন্নয়ন, রক্ষণাবেক্ষণ এবং ফায়ারবেস ও রেস্ট এপিআই ইন্টিগ্রেশন করছেন।"
resume_65.txt,Education,প্রার্থী ২০১৬ থেকে ২০২০ পর্যন্ত চট্টগ্রাম বিশ্ববিদ্যালয় থেকে কম্পিউটার সায়েন্স ও ইঞ্জিনিয়ারিং-এ বি.এসসি সম্পন্ন করেছেন। সিজিপিএ ৪.০০ এর মধ্যে ৩.৬৫ অর্জন করেছেন।
resume_65.txt,Skill,"প্রার্থী কোটলিন ব্যবহার করে জেটপ্যাক কম্পোজ ও ফায়ারবেস কম্পোজ করতে পারদর্শী। এছাড়া, রেস্ট এপিআই-তে অভিজ্ঞতা রয়েছে।"
resume_66.txt,Objective,প্রার্থী আইটি কোম্পানিতে ফুল-স্ট্যাক ডেভেলপার হিসেবে কাজ করতে ইচ্ছুক। ফ্রন্টএন্ড ও ব্যাকএন্ড উভয় ক্ষেত্রে দক্ষতা ব্যবহার করে পূর্ণাঙ্গ ওয়েব সমাধান তৈরি করতে চাই।
resume_66.txt,Experience,ডাটা ডেভেলপার হিসেবে ক্রিয়েটিভ আইটি লিমিটেডে ফুল-স্ট্যাক ডেভেলপার হিসেবে লারাভেল ও ভিউ.জেএস ব্যবহার করে ইকমার্স ও এন্টারপ্রাইজ অ্যাপ্লিকেশন তৈরি করছেন। তিনি রিকোয়ারমেন্ট বিশ্লেষণ এবং আর্কিটেকচার ডিজাইনে দক্ষতা অর্জন করেছেন।
resume_66.txt,Education,প্রার্থী ২০১৫ থেকে ২০১৯ পর্যন্ত রাজশাহী বিশ্ববিদ্যালয় থেকে কম্পিউটার সায়েন্স ও ইঞ্জিনিয়ারিং-এ বি.এসসি সম্পন্ন করেছেন। সিজিপিএ ৪.০০ এর মধ্যে ৩.৩৮ অর্জন করেছেন।
resume_66.txt,Skill,"ডাটাবেস পরিচালনায় লারাভেল ও ভিউ.জেএস ব্যবহার করে দক্ষতা রয়েছে, পাশাপাশি মাইএসকিউএল ডেটাবেস পরিচালনা করতে সক্ষম।"
resume_67.txt,Objective,প্রার্থী সফটওয়্যার কোম্পানির কোয়ালিটি অ্যাসুরেন্স (কিউএ) টিমে কাজ করে ম্যানুয়াল ও অটোমেশন টেস্টিংয়ের মাধ্যমে পণ্যের মান নিশ্চিত করতে ইচ্ছুক। ইউজার এক্সপেরিয়েন্স উন্নত করার মাধ্যমে প্রতিষ্ঠানের সাফল্যে অবদান রাখতে চাই।
resume_67.txt,Experience,"ডাটাসফট সিস্টেমসে সফটওয়্যার কোয়ালিটি অ্যাসুরেন্স ইঞ্জিনিয়ার হিসেবে তিনি ওয়েব ও মোবাইল অ্যাপ্লিকেশনের ম্যানুয়াল টেস্ট কেস ডিজাইন, এক্সিকিউট এবং সেলেনিয়াম ব্যবহার করে অটোমেশন টেস্ট স্ক্রিপ্ট তৈরি করছেন।"
resume_67.txt,Education,প্রার্থী ২০১৫ থেকে ২০১৯ পর্যন্ত ঢাকা বিশ্ববিদ্যালয় থেকে কম্পিউটার সায়েন্স ও ইঞ্জিনিয়ারিং-এ বি.এসসি সম্পন্ন করেছেন। সিজিপিএ ৪.০০ এর মধ্যে ৩.৬০ অর্জন করেছেন।
resume_67.txt,Skill,"প্রার্থী ম্যানুয়াল টেস্টিং, সেলেনিয়াম এবং টেস্ট কেস ডিজাইনে দক্ষ। তিনি বাগ ট্র্যাকিং টুলস (জিরা) ব্যবহার করে ডেটা বিশ্লেষণ ও বিশ্লেষণ করতে পারদর্শী।"
resume_68.txt,Objective,ডাটা ইঞ্জিনিয়ার হিসেবে ইকমার্স বা ফিনটেক কোম্পানিতে কাজ করতে ইচ্ছুক। মাইক্রোসার্ভিস আর্কিটেকচার ও ক্লাউড টেকনোলজি ব্যবহার করে স্কেলেবল সিস্টেম ডিজাইন ও ডেভেলপ করতে চাই।
resume_68.txt,Experience,"ডাটা ইঞ্জিনিয়ার হিসেবে বিকাশ লিমিটেডে সফটওয়্যার ইঞ্জিনিয়ার হিসেবে মাইক্রোসার্ভিস ডেভেলপমেন্ট, হাই-ট্রাফিক হ্যান্ডল করার জন্য ডাটাবেজ ও এপিআই অপ্টিমাইজেশন করেছেন।"
resume_68.txt,Education,প্রার্থী ২০১৫ থেকে ২০১৯ পর্যন্ত চট্টগ্রাম বিশ্ববিদ্যালয় থেকে কম্পিউটার সায়েন্স ও ইঞ্জিনিয়ারিং-এ বি.এসসি সম্পন্ন করেছেন। সিজিপিএ ৪.০০ এর মধ্যে ৩.৭০ অর্জন করেছেন।
resume_68.txt,Skill,প্রার্থী জাভা (স্প্রিং বুট) এবং মাইক্রোসার্ভিসেসে পারদর্শী। ডকার ও কুবারনেটিস (বেসিক) ব্যবহার করে সফটওয়্যার ডেভেলপমেন্টে দক্ষ।
resume_69.txt,Objective,ডাটাবেস (আরএন্ডডি) বিভাগে সফটওয়্যার ইঞ্জিনিয়ার হিসেবে কাজ করতে ইচ্ছুক। মেশিন লার্নিং ও কৃত্রিম বুদ্ধিমত্তা ব্যবহার করে ইন্টেলিজেন্ট সফটওয়্যার সমাধান তৈরি করতে সক্ষম।
resume_69.txt,Experience,"প্রার্থী গুগল ডেভেলপার স্টুডেন্ট ক্লাবে মেশিন লার্নিং ইঞ্জিনিয়ার হিসেবে মার্চ ২০২৩ থেকে কাজ করছেন। তিনি ইমেজ রিকগনিশন মডেল ট্রেনিং, ডিপ্লয়মেন্ট এবং পাইথন লাইব্রেরি (টেন্সরফ্লো ও পাইটর্চ) ব্যবহার করে মডেল ডেভেলপমেন্টে পারদর্শী।"
resume_69.txt,Education,প্রার্থী ২০১৮ থেকে ২০২২ পর্যন্ত ঢাকা বিশ্ববিদ্যালয় থেকে কম্পিউটার সায়েন্স ও ইঞ্জিনিয়ারিং-এ বি.এসসি সম্পন্ন করেছেন। সিজিপিএ ৪.০০ এর মধ্যে ৩.৭২ অর্জন করেছেন।
resume_69.txt,Skill,প্রার্থী পাইথন ব্যবহার করে মেশিন লার্নিং এবং টেন্সরফ্লো/পাইটর্চ ব্যবহার করে ডেটা বিশ্লেষণ করতে পারদর্শী।
resume_7.txt,Objective,প্রার্থী সৃজনশীল টিমে গ্রাফিক ডিজাইনার হিসেবে কাজ করতে ইচ্ছুক। আমার ডিজাইন দক্ষতা ও নতুন আইডিয়া দিয়ে ব্র্যান্ডের ভিজুয়াল আইডেন্টিটি শক্তিশালী করতে চাই।
resume_7.txt,Experience,"প্রার্থী গ্রাফিক ডিজাইনার হিসেবে ব্র্যান্ডভিসুয়ালস ডিজাইন স্টুডিওতে গ্রাফিক্স ডিজাইনার হিসেবে কাজ করছেন, যেখানে তিনি লোগো, ব্র্যান্ড বুক এবং মার্কেটিং কলাটার ডিজাইন করেছেন। পূর্বে ব্র্যান্ডভিকুয়ালসে ডিজাইন স্টুডিওতে গ্রাফিক ডিজাইনার হিসাবে লোগো, ব্রান্ড বুক ও মার্কেটিং কলাটা ডিজাইন করে ক্লায়েন্টের চাহিদা পূরণ করেছেন।"
resume_7.txt,Education,"ডাটা ডিজাইনে বিএফএ (গ্রাফিক ডিজাইন) ডিগ্রি ইনস্টিটিউট অফ ফাইন আর্টস, চারুকলা অনুষদ থেকে ২০১৫ থেকে ২০১৯ পর্যন্ত সম্পন্ন করেছেন। সিজিপিএ ৪.০০ এর মধ্যে ৩.৪০ অর্জন করেছেন।"
resume_7.txt,Skill,"ডাটাবেস, Adobe Illustrator এবং AdoB InDesign ব্যবহার করে UI/UX ডিজাইন করতে পারদর্শী। ব্র্যান্ডিং ও আইডেন্টিটি ডিজাইনে দক্ষতা রয়েছে, পাশাপাশি প্রিন্ট ও ডিজিটাল মিডিয়া ডিজাইনে পারদর্শী।"
resume_70.txt,Objective,প্রার্থী সিএসই-তে একাডেমিক পটভূমি থাকা সত্ত্বেও প্রোগ্রামিং ও প্রকল্প উন্নয়নের মাধ্যমে বাস্তব অভিজ্ঞতা অর্জন করতে ইচ্ছুক। দ্রুত শিখতে সক্ষম হওয়ায় তিনি এই লক্ষ্য অর্জনে সহায়তা করতে চান।
resume_70.txt,Experience,"প্রার্থী থিসিস/ক্যাপস্টোন প্রোজেক্টে থিসিস/ক্যাপসস্টোন প্রোজেক্টের মাধ্যমে অনলাইন ডায়াগনস্টিক ম্যানেজমেন্ট সিস্টেম এবং পিএইচপি (লারাভেল) ও মাইএসকিউএল ব্যবহার করে ওয়েবসাইট ডেভেলপমেন্ট, পেশেন্ট অ্যাপয়েন্টমেন্ট ও টেস্ট রিপোর্ট ম্যানেজমেন্ট সিস্টেম ডিজাইন করেছেন।"
resume_70.txt,Education,প্রার্থী ২০১৯ থেকে ২০২৩ পর্যন্ত জাহাঙ্গীরনগর বিশ্ববিদ্যালয় থেকে কম্পিউটার সায়েন্স ও ইঞ্জিনিয়ারিং-এ বি.এসসি সম্পন্ন করেছেন। সিজিপিএ ৪.০০ এর মধ্যে ৩.১৫ অর্জন করেছেন।
resume_70.txt,Skill,প্রার্থী পিএইচপি (লারাভেল) ও মাইএসকিউএল ব্যবহার করে ওয়েব ডেভেলপমেন্টে পারদর্শী। তিনি এইচটিএমএল/সিএসএস সহ বিভিন্ন প্রোগ্রামিং ভাষায় দক্ষতা রাখেন এবং সমস্যা সমাধান করতে পারদর্শী।
resume_71.txt,Objective,ডাটা ইঞ্জিনিয়ার হিসেবে স্টার্টআপ কোম্পানিতে কাজ করতে ইচ্ছুক। ছোট টিমের সঙ্গে মিলে প্রোডাক্ট আইডিয়া থেকে ডেভেলপমেন্ট ও ডিপ্লয়মেন্ট পর্যন্ত সফটওয়্যার লাইফসাইকেলে অংশ নিতে চাই।
resume_71.txt,Experience,"ডাটা ইঞ্জিনিয়ার (ইন্টার্ন) হিসেবে রাজশাহী আইটি ভিলেজে সফটওয়্যার ইঞ্জিনিয়ার হিসেবে মার্চ ২০২৩ থেকে কাজ করছেন। নোড.জেএস ও এক্সপ্রেস.জেস ব্যবহার করে ব্যাকএন্ড ডেভেলপমেন্ট, প্র্যাকটিস এবং মঙ্গোডিবিতে ডাটাবেজ ডিজাইন ও ডেটা মডেলিং করতে পারদর্শী।"
resume_71.txt,Education,প্রার্থী ২০১৯ থেকে ২০২৩ পর্যন্ত রাজশাহী বিশ্ববিদ্যালয় থেকে কম্পিউটার সায়েন্স ও ইঞ্জিনিয়ারিং-এ বি.এসসি সম্পন্ন করেছেন। সিজিপিএ ৪.০০ এর মধ্যে ৩.৪২ অর্জন করেছেন।
resume_71.txt,Skill,"প্রার্থী নোড.জেএস, এক্সপ্রেস.জেএসএস এবং মঙ্গোডিবি ব্যবহার করে ওয়েব ডেভেলপমেন্টে দক্ষতা রাখেন। এছাড়া জাভাস্ক্রিপ্টে পারদর্শী।"
resume_72.txt,Objective,"ডাটা কোম্পানিতে ডেভঅপস ইঞ্জিনিয়ার হিসেবে ইনফ্রাস্ট্রাকচার ম্যানেজমেন্ট, সিআই/সিডি পাইপলাইন স্থাপন এবং ক্লাউড সার্ভিসের মাধ্যমে উন্নয়ন প্রক্রিয়াকে আরও কার্যকর ও স্বয়ংক্রিয় করতে ইচ্ছুক। এই লক্ষ্য অর্জনের মাধ্যমে সফটওয়্যার কোম্পানির সাফল্যে অবদান রাখতে চান।"
resume_72.txt,Experience,"ডাটা ডেভঅপস ইঞ্জিনিয়ার হিসেবে ক্লাউড টেক সল্যুশনে জুনিয়র ডেভঅপসের দায়িত্ব পালন করছেন। জেনকিন্স ব্যবহার করে সিআই/সিডি পাইপলাইন কনফিগার, রক্ষণাবেক্ষণ, ইসি২ ও এস৩ সেবা পরিচালনা এবং এডব্লিউএস (ইসি২, এস৩) সার্ভিস ম্যানেজমেন্ট ও মনিটরিং করেন।"
resume_72.txt,Education,প্রার্থী ২০১৮ থেকে ২০২২ পর্যন্ত সিলেট আন্তর্জাতিক বিশ্ববিদ্যালয় থেকে কম্পিউটার সায়েন্স ও ইঞ্জিনিয়ারিং-এ বি.এসসি সম্পন্ন করেছেন। সিজিপিএ ৪.০০ এর মধ্যে ৩.৫০ অর্জন করেছেন।
resume_72.txt,Skill,"প্রার্থী ডেভঅপস, ডকার ও জেনকিন্সে দক্ষ এবং এডব্লিউএস (ইসি২, এস৩) পরিচালনা করতে পারদর্শী। এছাড়া, ইসি২ ও এস৩ ডেটাবেস পরিচালনার অভিজ্ঞতা রয়েছে।"
resume_73.txt,Objective,ডাটা স্কুল বা এডটেক কোম্পানিতে সফটওয়্যার ইঞ্জিনিয়ার হিসেবে কাজ করে জুনিয়র ডেভেলপারদের মেন্টর করার সুযোগ খুঁজছেন। টেক কমিউনিটিতে জ্ঞান বিতরণে সক্রিয় ভূমিকা পালন করতে চান।
resume_73.txt,Experience,"প্রার্থী সফটওয়্যার ইঞ্জিনিয়ার ও কনটেন্ট ক্রিয়েটর হিসেবে সেপ্টেম্বর ২০২১ থেকে প্রোগ্রামিং হিরোতে কোর্স কারিকুলাম ডিজাইন, ডেভেলপমেন্ট, ওয়েব ডেভেলপমেন্ট ট্র্যাক এবং অ্যাসাইনমেন্ট তৈরি করছেন। শিক্ষার্থীদের কোড রিভিউ করার দায়িত্ব পালন করছেন।"
resume_73.txt,Education,প্রার্থী ২০১৪ থেকে ২০১৮ পর্যন্ত ঢাকা বিশ্ববিদ্যালয় থেকে কম্পিউটার সায়েন্স ও ইঞ্জিনিয়ারিং-এ বি.এসসি সম্পন্ন করেছেন। সিজিপিএ ৪.০০ এর মধ্যে ৩.৬৮ অর্জন করেছেন।
resume_73.txt,Skill,"প্রার্থী রিঅ্যাক্ট ও জাভাস্ক্রিপ্ট ব্যবহার করে ওয়েব অ্যাপ্লিকেশন তৈরি করতে পারদর্শী। তিনি টেকনিক্যাল কনটেন্ট রাইটিং, মেন্টরিং ও টিচিংয়ে দক্ষতা রাখেন।"
resume_74.txt,Objective,"প্রার্থী ব্যাংক বা আর্থিক প্রতিষ্ঠানের আইটি বিভাগে সফটওয়্যার ইঞ্জিনিয়ার হিসেবে কাজ করতে ইচ্ছুক। এন্টারপ্রাইজ লেভেলের সফটওয়্যার রক্ষণাবেক্ষণ, ডাটাবেস ব্যবস্থাপনা এবং নেটওয়ার্ক সিকিউরিটি বিষয়ে কাজ করার সুযোগ চাই।"
resume_74.txt,Experience,"ডাটা ইঞ্জিনিয়ার হিসেবে ডাচ-বাংলা ব্যাংকে সফটওয়্যার ইঞ্জিনিয়ার হিসেবে কোর ব্যাংকিং সফটওয়্যার (ওরাকল ফাইন্যান্সিয়াল) রক্ষণাবেক্ষণ, ট্রাবলশুটিং এবং ইন্টারনাল টুলস ডেভেলপমেন্টে অভিজ্ঞতা রয়েছে।"
resume_74.txt,Education,প্রার্থী ২০১৩ থেকে ২০১৭ পর্যন্ত ঢাকা বিশ্ববিদ্যালয় থেকে কম্পিউটার সায়েন্স ও ইঞ্জিনিয়ারিং-এ বি.এসসি সম্পন্ন করেছেন। সিজিপিএ ৪.০০ এর মধ্যে ৩.২২ অর্জন করেছেন।
resume_74.txt,Skill,"প্রার্থী এন্টারপ্রাইজ সফটওয়্যার সাপোর্টে পারদর্শী এবং ওরাকল এসকিউএল ও জাভা প্রোগ্রামিং ভাষায় পারদর্শী। এছাড়া, পিএইচপি দিয়ে ওয়েব ডেভেলপমেন্টে দক্ষতা রয়েছে।"
resume_75.txt,Objective,প্রার্থী প্রযুক্তি প্রতিষ্ঠানে ব্যাকএন্ড সফটওয়্যার ইঞ্জিনিয়ার হিসেবে কাজ করে নির্ভরযোগ্য সার্ভারসাইড সিস্টেম তৈরি করতে ইচ্ছুক। এই লক্ষ্য অর্জনের জন্য তিনি প্রযুক্তিগত প্রতিষ্ঠানের সঙ্গে সহযোগিতা করতে চান।
resume_75.txt,Experience,"প্রার্থী ব্যাকএন্ড ডেভেলপার হিসেবে জানুয়ারি ২০২১ থেকে কাজ করছেন। তিনি API ডেভেলপমেন্ট, সার্ভার ম্যানেজমেন্ট এবং ডাটাবেজ অপ্টিমাইজেশনে পারদর্শী।"
resume_75.txt,Education,প্রার্থী ২০১৫ থেকে ২০১৯ পর্যন্ত আহসানউল্লাহ ইউনিভার্সিটি অব সায়েন্স অ্যান্ড টেকনোলজি থেকে কম্পিউটার ইঞ্জিনিয়ারিং-এ বি.এসসি সম্পন্ন করেছেন। সিজিপিএ ৪.০০ এর মধ্যে ৩.৪৫ অর্জন করেছেন।
resume_75.txt,Skill,প্রার্থী জাভা ও স্প্রিং বুট ব্যবহার করে ওয়েব অ্যাপ্লিকেশন ডেভেলপমেন্টে পারদর্শী। তিনি PostgreSQL এবং REST API ডেভেলপমেন্টে দক্ষ।
resume_76.txt,Objective,ডাটা অ্যানালিস্ট হিসেবে কাজ করে পরিসংখ্যানগত বিশ্লেষণ ও ভিজ্যুয়ালাইজেশন ব্যবহার করে ব্যবসায়িক সিদ্ধান্ত গ্রহণে কার্যকর ভূমিকা রাখতে চাই।
resume_76.txt,Experience,প্রার্থী জুনিয়র ডেটা অ্যানালিস্ট হিসেবে জানুয়ারি ২০২২ থেকে বিশাল ডেটাসেট থেকে ইনসাইট বের করে পাওয়ার বিআই (Power BI) ব্যবহার করে ড্যাশবোর্ড তৈরি করছেন।
resume_76.txt,Education,প্রার্থী ২০১৭ থেকে ২০২১ পর্যন্ত ব্র্যাক বিশ্ববিদ্যালয় থেকে সিএসই-তে বি.এসসি সম্পন্ন করেছেন। সিজিপিএ ৪.০০ এর মধ্যে ৩.৬৫ অর্জন করেছেন।
resume_76.txt,Skill,"ডাটাবেস এবং পাইথন (Pandas, NumPy) ব্যবহার করে SQL ও নো-এসকিউএল ডেটাবেস পরিচালনা করতে পারদর্শী। তিনি Tableau/Power BI ব্যবহার করে ডেটা ভিজ্যুয়ালাইজেশন করতে সক্ষম এবং স্ট্যাটিস্টিক্যাল বিশ্লেষণে দক্ষ।"
resume_77.txt,Objective,প্রার্থী ব্যাকএন্ড সফটওয়্যার ইঞ্জিনিয়ার হিসেবে চ্যালেঞ্জিং পরিবেশে কাজ করতে ইচ্ছুক। জটিল সিস্টেম ডিজাইন ও স্কেলেবল অ্যাপ্লিকেশন তৈরিতে অবদান রাখতে চাই।
resume_77.txt,Experience,"প্রার্থী সফটওয়্যার ইঞ্জিনিয়ার হিসেবে মার্চ ২০২১ থেকে জাভা ও স্প্রিং বুট ব্যবহার করে এপিআই (API) তৈরি করছেন, যেখানে সিস্টেমের পারফরম্যান্স অপ্টিমাইজেশন এবং বাগ ফিক্সিংয়ের অভিজ্ঞতা রয়েছে।"
resume_77.txt,Education,প্রার্থী ২০১৫ থেকে ২০১৯ পর্যন্ত শাহজালাল বিজ্ঞান ও প্রযুক্তি বিশ্ববিদ্যালয় থেকে সফটওয়্যার ইঞ্জিনিয়ারিং-এ বি.এসসি সম্পন্ন করেছেন। সিজিপিএ ৪.০০ এর মধ্যে ৩.৭৫ অর্জন করেছেন।
resume_77.txt,Skill,ডাটাবেস এবং পোস্টগ্রেএসকিউএল ব্যবহার করে জাভা ও স্প্রিং বুট তৈরি করতে পারদর্শী। তিনি ডকার ও কুবারনেটসের মাধ্যমে সিস্টেম ডিজাইনে দক্ষতা অর্জন করেছেন।
resume_78.txt,Objective,প্রার্থী ফ্রন্টএন্ড ডেভেলপার হিসেবে উদ্ভাবনী টিমে যোগ দিতে ইচ্ছুক। আধুনিক ওয়েব প্রযুক্তি ব্যবহার করে চমৎকার ইউজার এক্সপেরিয়েন্স তৈরি করতে চাই।
resume_78.txt,Experience,প্রার্থী ফ্রন্টএন্ড ইঞ্জিনিয়ার হিসেবে জানুয়ারি ২০২৩ থেকে রিঅ্যাক্ট জেএস ব্যবহার করে রেসপনসিভ ইউজার ইন্টারফেস তৈরি করছেন এবং ইউআই/ইউএক্স ডিজাইনারদের সঙ্গে কাজ করে প্রোটোটাইপ বাস্তবায়ন করছেন।
resume_78.txt,Education,প্রার্থী ২০১৮ থেকে ২০২২ পর্যন্ত জাহাঙ্গীরনগর বিশ্ববিদ্যালয় থেকে সিএসই-তে বি.এসসি সম্পন্ন করেছেন। সিজিপিএ ৪.০০ এর মধ্যে ৩.৬০ অর্জন করেছেন।
resume_78.txt,Skill,"ডাটাস্ক্রিপ্ট (ES6+) ও রিঅ্যাক্ট ব্যবহার করে জাভাস্ক্রিপ্টে দক্ষতা রয়েছে, পাশাপাশি এইচটিএমএল৫ ও সিএসএস৩ ব্যবহার করে টাইপস্ক্রিপ্ট তৈরি করতে পারদর্শী। এছাড়া গিট ও গিটহাবের মাধ্যমে কোড সমাধান করতে সক্ষম।"
resume_79.txt,Objective,প্রার্থী ডেটা অ্যানালিটিক্স ও বিজনেস ইন্টেলিজেন্স ব্যবহার করে প্রতিষ্ঠানের প্রবৃদ্ধি ত্বরান্বিত করতে ইচ্ছুক। অপারেশনাল দক্ষতা বৃদ্ধি করে প্রতিষ্ঠানের সাফল্যে অবদান রাখতে চান।
resume_79.txt,Experience,বিআই অ্যানালিস্ট হিসেবে মে ২০২২ থেকে বর্তমান পর্যন্ত কাজ করছেন। তিনি বিক্রয় ডেটা বিশ্লেষণ করে ভবিষ্যৎ প্রবণতা পূর্বাভাস দেন। অটোমেটেড রিপোর্টিং সিস্টেম তৈরি করে রিয়েলটাইম রিপোর্টিং সিস্টেমের কার্যকারিতা বৃদ্ধি করেছেন।
resume_79.txt,Education,প্রার্থী ২০১৭ থেকে ২০২১ পর্যন্ত ঢাকা বিশ্ববিদ্যালয় থেকে অ্যাপ্লাইড স্ট্যাটিস্টিকসে বি.এসসি সম্পন্ন করেছেন। সিজিপিএ ৪.০০ এর মধ্যে ৩.৫৫ অর্জন করেছেন।
resume_79.txt,Skill,প্রার্থী এক্সেল (অ্যাডভান্সড ভিবিএ) ব্যবহার করে এসকিউএল সার্ভার এবং পাইথন প্রোগ্রামিংয়ে পারদর্শী। স্ট্যাটিস্টিক্যাল সফটওয়্যার (SPSS/R) পরিচালনায় দক্ষতা রয়েছে।
resume_8.txt,Objective,প্রার্থী স্কেলেবল ও ইউজারফ্রেন্ডলি অ্যাপ্লিকেশন তৈরি করে প্রতিষ্ঠানের প্রযুক্তি রূপান্তরে সক্রিয়ভাবে অবদান রাখতে ইচ্ছুক। গ্রাহক অভিজ্ঞতা উন্নয়নে সক্রিয় ভূমিকা পালন করতে চান।
resume_8.txt,Experience,"ডাটা ইঞ্জিনিয়ার হিসেবে টেকসোল লিমিটেডে সফটওয়্যার ইঞ্জিনিয়ার হিসেবে জাভা ও স্প্রিং বুট ফ্রেমওয়ার্ক ব্যবহার করে ব্যাকএন্ড মাইক্রোসার্ভিস ডেভেলপ, ডিপ্লয় এবং রিপ্লয় করেছেন।"
resume_8.txt,Education,প্রার্থী ২০১৩ থেকে ২০১৭ পর্যন্ত ইউনিভার্সিটি অফ ডেভেলপমেন্ট অল্টারনেটিভ (ইউডা) থেকে কম্পিউটার সায়েন্স ও ইঞ্জিনিয়ারিং-এ বি.এসসি. সম্পন্ন করেছেন। সিজিপিএ ৪.০০ এর মধ্যে ৩.২০ অর্জন করেছেন।
resume_8.txt,Skill,"প্রার্থী জাভা, স্প্রিং বুট, পাইথন, জ্যাঙ্গো, নোড.জেএস এবং ফ্রন্টএন্ডে জাভাস্ক্রিপ্ট, রিঅ্যাক্ট জেএস, এইচটিএমএল ও সিএসএস ব্যবহার করে ব্যাকএন্ড টেকনোলজিতে পারদর্শী। এছাড়া PostgreSQL, মাইএসকিউএল, মঙ্গোডিবি ও রেডিস ডেটাবেজ পরিচালনা করতে পারদর্শী। ডকার, জেনকিন্স, গিটহাবসহ ডেভঅপস টুলসের মাধ্যমে ডেটাবেজে পোস্টগ্রেসকিউএল ও মঙ্গোডি, রেডিস সহ ডেভঅপসের বিভিন্ন টুলস ব্যবহার করে ডেটাবেজের ডেটাবেস ডেভেলপমেন্টে দক্ষ।"
resume_80.txt,Objective,প্রার্থী ফুল স্ট্যাক সফটওয়্যার ইঞ্জিনিয়ার হিসেবে আধুনিক ওয়েব অ্যাপ্লিকেশন তৈরি করতে ইচ্ছুক এবং এন্ড-টু-এন্ড সমাধান প্রদান করে টিমে গুরুত্বপূর্ণ অবদান রাখতে চান।
resume_80.txt,Experience,প্রার্থী ফুল স্ট্যাক ডেভেলপার হিসেবে আগস্ট ২০২০ থেকে মার্ন (MERN Stack) ব্যবহার করে ইকমার্স প্ল্যাটফর্ম তৈরি করছেন। ফ্রন্টএন্ড ও ব্যাকএন্ড আর্কিটেকচার পরিচালনা করছেন।
resume_80.txt,Education,প্রার্থী ২০১৩ থেকে ২০১৭ পর্যন্ত নর্থ সাউথ বিশ্ববিদ্যালয় থেকে সিএসই-তে বি.এসসি সম্পন্ন করেছেন। সিজিপিএ ৪.০০ এর মধ্যে ৩.৮০ অর্জন করেছেন।
resume_80.txt,Skill,"প্রার্থী রিঅ্যাক্ট, নোড জেএস ও এক্সপ্রেস ব্যবহার করে রিঅক্ট, নোডের জেএস এবং এক্সপ্রেসে পারদর্শী। মঙ্গোডিবি ও মাইএসকিউএল ব্যবহার করে ক্লাউড কম্পিউটিং (AWS) পরিচালনা করতে পারদর্শী। এছাড়া রেস্টফুল এপিআই ডিজাইনে পারদর্শী তিনি।"
resume_81.txt,Objective,প্রার্থী স্বাস্থ্যসেবা খাতে ডেটা অ্যানালিস্ট হিসেবে কাজ করে ক্লিনিকাল ডেটা বিশ্লেষণের মাধ্যমে রোগীর সেবার মান উন্নত করতে ইচ্ছুক। হাসপাতালের কার্যকারিতা বৃদ্ধি করা তার প্রধান লক্ষ্য।
resume_81.txt,Experience,"প্রার্থী ক্লিনিকাল ডেটা অ্যানালিস্ট হিসেবে সেপ্টেম্বর ২০২১ থেকে কাজ করছেন, যেখানে রোগীর তথ্য ও ক্লিনিকাল ট্রায়াল ডেটা বিশ্লেষণ এবং ডেটা প্রাইভেসি ও কমপ্লায়েন্স নিশ্চিত করেছেন।"
resume_81.txt,Education,প্রার্থী ২০১৬ থেকে ২০২০ পর্যন্ত বাংলাদেশ ইউনিভার্সিটি অব হেলথ সায়েন্স থেকে হেলথ ইনফরমেটিক্স-এ বি.এসসি সম্পন্ন করেছেন। সিজিপিএ ৪.০০ এর মধ্যে ৩.৪৫ অর্জন করেছেন।
resume_81.txt,Skill,প্রার্থী হেলথকেয়ার ডেটা স্ট্যান্ডার্ডসে HL7/FHIR এবং পাইথন ও আর (R) ব্যবহার করে ডেটা ভিজ্যুয়ালাইজেশন করতে পারদর্শী। ক্লিনিকাল ওয়ার্কফ্লো বিশ্লেষণে দক্ষতা রয়েছে।
resume_82.txt,Objective,প্রার্থী প্রযুক্তি প্রতিষ্ঠানে ডেটা অ্যানালিস্ট হিসেবে কাজ করে ব্যবসায়িক সিদ্ধান্ত গ্রহণে সহায়তা করতে ইচ্ছুক। প্রতিষ্ঠানের উন্নয়নে অবদান রাখতে চান।
resume_82.txt,Experience,প্রার্থী জুনিয়র ডেটা অ্যানালিস্ট হিসেবে জানুয়ারি ২০২২ থেকে কাজ করছেন। তিনি বৃহৎ ডেটাসেট বিশ্লেষণ করে ব্যবসায়িক প্রবণতা নির্ধারণ করেন। SQL ও Python ব্যবহার করে ডেটা প্রক্রিয়াকরণে পারদর্শী।
resume_82.txt,Education,প্রার্থী ২০১৭ থেকে ২০২১ পর্যন্ত জাহাঙ্গীরনগর বিশ্ববিদ্যালয় থেকে কম্পিউটার সায়েন্সে বি.এসসি সম্পন্ন করেছেন। সিজিপিএ ৪.০০ এর মধ্যে ৩.৬৫ অর্জন করেছেন।
resume_82.txt,Skill,"ডাটা বিশ্লেষণ এবং Power BI দিয়ে ডেটা ভিজুয়ালাইজেশন করতে পারদর্শী। তিনি Python ডেটা বিশ্লেষণ, পাওয়ার BI এবং Data Visualization পরিচালনা করেন।"
resume_83.txt,Objective,প্রার্থী সফটওয়্যার প্রতিষ্ঠানে সফটওয়্যার ইঞ্জিনিয়ার হিসেবে কাজ করে স্কেলেবল ও দক্ষ সফটওয়্যার সমাধান তৈরি করতে ইচ্ছুক। এই লক্ষ্য অর্জনের মাধ্যমে প্রতিষ্ঠানের সাফল্যে অবদান রাখতে চান।
resume_83.txt,Experience,"প্রার্থী সফটওয়্যার ইঞ্জিনিয়ার হিসেবে ফেব্রুয়ারি ২০২১ থেকে ওয়েব অ্যাপ্লিকেশন ডেভেলপমেন্ট, REST API ডিজাইন ও ইমপ্লিমেন্টেশন কাজ করছেন। পূর্বে ফেব্রুয়ারি ২০২১ পর্যন্ত ওয়েব অ্যাপ্লিকেশনের ডেভেলপমেন্ট, ReST ACI ডিজাইন এবং ইমপ্লিমেন্টের দায়িত্ব পালন করেছেন।"
resume_83.txt,Education,প্রার্থী ২০১৫ থেকে ২০১৯ পর্যন্ত ইস্ট ওয়েস্ট ইউনিভার্সিটি থেকে সফটওয়্যার ইঞ্জিনিয়ারিং-এ বি.এসসি সম্পন্ন করেছেন। সিজিপিএ ৪.০০ এর মধ্যে ৩.৫০ অর্জন করেছেন।
resume_83.txt,Skill,ডাটাবেস ও জাভাস্ক্রিপ্টে দক্ষতা রয়েছে। তিনি Node.js ব্যবহার করে ডেটা প্রক্রিয়াকরণ এবং Git ভার্সন কন্ট্রোল পরিচালনা করতে পারদর্শী।
resume_84.txt,Objective,প্রার্থী একটি প্রতিষ্ঠানে বিজনেস ডেটা অ্যানালিস্ট হিসেবে কাজ করে ডেটা থেকে কার্যকর ব্যবসায়িক ইনসাইট তৈরি করতে ইচ্ছুক। এই লক্ষ্য অর্জনের মাধ্যমে প্রতিষ্ঠানের সাফল্যে অবদান রাখতে চান।
resume_84.txt,Experience,ডাটা অ্যানালিস্ট হিসেবে মার্চ ২০২০ থেকে বর্তমান পর্যন্ত কাজ করছেন। তিনি Excel ও SQL ব্যবহার করে রিপোর্ট প্রস্তুত করেন।
resume_84.txt,Education,প্রার্থী ২০১৪ থেকে ২০১৮ পর্যন্ত ঢাকা বিশ্ববিদ্যালয় থেকে ম্যানেজমেন্ট ইনফরমেশন সিস্টেম-এ বি.বি.এ সম্পন্ন করেছেন। সিজিপিএ ৪.০০ এর মধ্যে ৩.৫৫ অর্জন করেছেন।
resume_84.txt,Skill,প্রার্থী এক্সেল ও পাওয়ার BI ব্যবহার করে সফটওয়্যার ডেভেলপমেন্টে পারদর্শী। তিনি Power BI এবং Business Analysis পরিচালনা করতে পারদর্শী।
resume_85.txt,Objective,প্রার্থী সফটওয়্যার কোম্পানিতে ফুল স্ট্যাক ডেভেলপার হিসেবে কাজ করে আধুনিক ওয়েব অ্যাপ্লিকেশন তৈরি করতে ইচ্ছুক। এই লক্ষ্য অর্জনের মাধ্যমে প্রতিষ্ঠানের সাফল্যে অবদান রাখতে চান।
resume_85.txt,Experience,"প্রার্থী ফুল স্ট্যাক ডেভেলপার হিসেবে এপ্রিল ২০২১ থেকে কাজ করছেন। তিনি ওয়েব অ্যাপ্লিকেশন ডেভেলপমেন্ট, ডাটাবেজ ডিজাইন এবং API ডেভেলপমেন্টে দক্ষ।"
resume_85.txt,Education,প্রার্থী ২০১৫ থেকে ২০১৯ পর্যন্ত নর্থ সাউথ ইউনিভার্সিটি থেকে কম্পিউটার সায়েন্সে বি.এসসি সম্পন্ন করেছেন। সিজিপিএ ৪.০০ এর মধ্যে ৩.৪৮ অর্জন করেছেন।
resume_85.txt,Skill,প্রার্থী HTML/CSS এবং জাভাস্ক্রিপ্টে পারদর্শী। এছাড়া MySQL প্রোগ্রামিং ভাষায় দক্ষতা রয়েছে।
resume_86.txt,Objective,ডাটা সায়েন্টিস্ট হিসেবে কাজ করে ডেটা মডেলিং ও প্রেডিকটিভ অ্যানালিটিক্সের মাধ্যমে ব্যবসায়িক উন্নয়নে অবদান রাখতে চান।
resume_86.txt,Experience,ডাটা সায়েন্টিস্ট হিসেবে ফেব্রুয়ারি ২০২২ থেকে মেশিন লার্নিং মডেল তৈরি করছেন। ডেটা বিশ্লেষণ করে প্রেডিকশন তৈরি করেন।
resume_86.txt,Education,প্রার্থী ২০১৬ থেকে ২০২০ পর্যন্ত বাংলাদেশ ইউনিভার্সিটি অব প্রফেশনালস থেকে ডেটা সায়েন্সে বি.এসসি সম্পন্ন করেছেন। সিজিপিএ ৪.০০ এর মধ্যে ৩.৬০ অর্জন করেছেন।
resume_86.txt,Skill,প্রার্থী Python ব্যবহার করে মেশিন লার্নিং এবং ডেটা ভিজুয়ালাইজেশন করতে পারদর্শী। তিনি Statistical Analysis পরিচালনা করেন।
resume_87.txt,Objective,"প্রার্থী ফার্মাসিউটিক্যাল বা কেমিক্যাল ইন্ডাস্ট্রিতে কেমিস্ট হিসেবে কাজ করে কেমিক্যাল অ্যানালিসিস, কোয়ালিটি কন্ট্রোল এবং রিসার্চ ও ডেভেলপমেন্টের মাধ্যমে প্রতিষ্ঠানের উন্নয়নে অবদান রাখতে চান।"
resume_87.txt,Experience,"প্রার্থী ফার্মা ল্যাবস লিমিটেডে কেমিস্ট হিসেবে HPLC, GC এবং UV Spectrophotometer ব্যবহার করে raw materials ও finished products এর quality testing এবং Standard Operating procedures (SOPs) ব্যবহার করে কাঁচামালের গুণগত মান পরীক্ষা করা হয়েছে।"
resume_87.txt,Education,প্রার্থী ২০১৮ থেকে ২০২০ পর্যন্ত ঢাকা বিশ্ববিদ্যালয় থেকে অ্যানালিটিক্যাল কেমিস্ট্রি-তে এম.এসসি. সম্পন্ন করেছেন। সিজিপিএ ৪.০০ এর মধ্যে ৩.৬৫ অর্জন করেছেন।
resume_87.txt,Skill,"ডাটা অ্যানালিটিক্যাল টেকনিকে HPLC, GC, UV-Vis এবং গুড ল্যাবরেটরি প্র্যাকটিস (GLP) ব্যবহার করে বিশ্লেষণাত্মক দক্ষতা অর্জন করেছেন। এছাড়া ল্যাবরেটরি ইনফরমেশন ম্যানেজমেন্ট সিস্টেম (LIMS) পরিচালনায় পারদর্শী।"
resume_88.txt,Objective,ডাটাবেস ইঞ্জিনিয়ার হিসেবে ডায়নামিক টিমে অভিজ্ঞতা সম্পন্ন সফ্টওয়্যার ইঞ্জিনিয়ার হিসেবে কাজ করে জাভা ও স্প্রিং ফ্রেমওয়ার্কের দক্ষতা ব্যবহার করে প্রতিষ্ঠানের সাফল্যে অবদান রাখতে চাই।
resume_88.txt,Experience,ডাটা সলিউশনস লিমিটেডে সিনিয়র সফ্টওয়্যার ইঞ্জিনিয়ার হিসেবে মাইক্রোসার্ভিস আর্কিটেকচার ব্যবহার করে স্কেলেবল ব্যাকএন্ড সিস্টেম ডিজাইন ও ডেভেলপমেন্টে অভিজ্ঞতা অর্জন করেছেন।
resume_88.txt,Education,প্রার্থী ২০১৪ থেকে ২০১৮ পর্যন্ত বাংলাদেশ ইউনিভার্সিটি অফ ইঞ্জিনিয়ারিং অ্যান্ড টেকনোলজি থেকে কম্পিউটার সায়েন্স ও ইঞ্জিনিয়ারিং-এ বি.এসসি. সম্পন্ন করেছেন। সিজিপিএ ৪.০০ এর মধ্যে ৩.৭৫ অর্জন করেছেন।
resume_88.txt,Skill,"প্রার্থী জাভা, পাইথন ও সি++ প্রোগ্রামিং ভাষায় পারদর্শী এবং স্প্রিং বুট, হাইবারনেট ও ডজঙ্গো ফ্রেমওয়ার্কে দক্ষ। তিনি MySQL, PostgreSকিউL এবং MongoDB ব্যবহার করে ডাটাবেজ তৈরি করতে পারদর্শী। এছাড়া Git, Docker, Jenkins, Maven ইত্যাদি টুলস ব্যবহার করে ডেটাবেস পরিচালনা করতে সক্ষম।"
resume_89.txt,Objective,ডাটা ইঞ্জিনিয়ার হিসেবে স্টার্টআপ কোম্পানিতে কাজ করতে ইচ্ছুক। ছোট টিমের সঙ্গে মিলে প্রোডাক্ট আইডিয়া থেকে ডেভেলপমেন্ট ও ডিপ্লয়মেন্ট পর্যন্ত সফটওয়্যার লাইফসাইকেলে অংশ নিতে চাই।
resume_89.txt,Experience,"ডাটা ইঞ্জিনিয়ার (ইন্টার্ন) হিসেবে রাজশাহী আইটি ভিলেজে সফটওয়্যার ইঞ্জিনিয়ার হিসেবে মার্চ ২০২৩ থেকে কাজ করছেন। নোড.জেএস ও এক্সপ্রেস.জেস ব্যবহার করে ব্যাকএন্ড ডেভেলপমেন্ট, প্র্যাকটিস এবং মঙ্গোডিবিতে ডাটাবেজ ডিজাইন ও ডেটা মডেলিং করতে পারদর্শী।"
resume_89.txt,Education,প্রার্থী ২০১৯ থেকে ২০২৩ পর্যন্ত রাজশাহী বিশ্ববিদ্যালয় থেকে কম্পিউটার সায়েন্স ও ইঞ্জিনিয়ারিং-এ বি.এসসি সম্পন্ন করেছেন। সিজিপিএ ৪.০০ এর মধ্যে ৩.৪২ অর্জন করেছেন।
resume_89.txt,Skill,"প্রার্থী নোড.জেএস, এক্সপ্রেস.জেএসএস এবং মঙ্গোডিবি ব্যবহার করে ওয়েব ডেভেলপমেন্টে দক্ষতা রাখেন। এছাড়া জাভাস্ক্রিপ্টে পারদর্শী।"
resume_9.txt,Objective,প্রার্থী ব্যবসায়িক ডেটা থেকে কার্যকর অন্তর্দৃষ্টি বের করে প্রতিষ্ঠানের সিদ্ধান্ত গ্রহণ প্রক্রিয়া ও প্রবৃদ্ধিতে গুরুত্বপূর্ণ ভূমিকা রাখতে চান।
resume_9.txt,Experience,ডাটা বিশ্লেষক হিসেবে মার্কেটমাইন্ড লিমিটেডে ডেটা বিশ্লেষক হিসেবে এক্সেল ও এসকিউএল ব্যবহার করে বিক্রয় ও বিপণন ডেটা বিশ্লেষণ করে ড্যাশবোর্ড তৈরি করেছেন। পূর্বে মার্চ ২০২১ থেকে বর্তমান পর্যন্ত মার্কেটমাইন্ডের মাধ্যমে মার্কেটিং ডেটা বিশ্লেষণের অভিজ্ঞতা অর্জন করেছেন।
resume_9.txt,Education,প্রার্থী ২০১৫ থেকে ২০১৯ পর্যন্ত জাতীয় বিশ্ববিদ্যালয় থেকে মার্কেটিং-এ বি.বি.এ সম্পন্ন করেছেন। সিজিপিএ ৪.০০ এর মধ্যে ৩.১০ অর্জন করেছেন।
resume_9.txt,Skill,"ডাটা বিশ্লেষণে এক্সেল (পিভট টেবিল, ভিলুকাপ), এসকিউএল ব্যবহার করে দক্ষতা রয়েছে, পাশাপাশি পাওয়ার বিআই ও টেবলু দিয়ে ডেটা ভিজুয়ালাইজেশন করতে পারদর্শী। পাইথন (প্যান্ডাস, নামপাই বেসিক) প্রোগ্রামিংয়ে পারদর্শী এবং পরিসংখ্যানগত বিশ্লেষণ ও রিপোর্টিং দক্ষতা রয়েছে।"
resume_90.txt,Objective,ডাটা ইঞ্জিনিয়ার হিসেবে চ্যালেঞ্জিং পরিবেশে মিড-লেভেল সফটওয়্যার ইঞ্জিনিয়ার হিসেবে কাজ করে দক্ষতা ও অভিজ্ঞতা ব্যবহার করে স্কেলেবল সফটওয়্যার সমাধান তৈরি করতে ইচ্ছুক। এই লক্ষ্য অর্জনের জন্য একটি গতিশীল টিমের সঙ্গে সমন্বিতভাবে কাজ করতে চান।
resume_90.txt,Experience,"প্রার্থী জুনিয়র সফটওয়্যার ইঞ্জিনিয়ার হিসেবে টেকসভি লিমিটেডে পাইথন ও জ্যাঙ্গো ব্যবহার করে ব্যাকএন্ড এপিআই ডেভেলপমেন্ট, পোস্টগ্রেএসকিউএল ডাটাবেস ম্যানেজমেন্ট এবং কোয়েরি অপটিমাইজেশন করেছেন।"
resume_90.txt,Education,প্রার্থী ২০১৭ থেকে ২০২১ পর্যন্ত ইউনিভার্সিটি অফ লিবারেল আর্টস বাংলাদেশ থেকে সফটওয়্যার ইঞ্জিনিয়ারিং-এ বি.এসসি সম্পন্ন করেছেন। সিজিপিএ ৪.০০ এর মধ্যে ৩.৬৫ অর্জন করেছেন।
resume_90.txt,Skill,"প্রার্থী পাইথন (জ্যাঙ্গো) ব্যবহার করে পিএইচপি (লারাভেল) এবং পোস্টগ্রেসকিউএল ও মাইএসকিউএল ডেটাবেস পরিচালনা করতে পারদর্শী। এছাড়া, REST API ব্যবহার করে ডেটা প্রক্রিয়াকরণে দক্ষতা রয়েছে।"
resume_91.txt,Objective,প্রার্থী ডেটা বিশ্লেষণ ও ভিজুয়ালাইজেশনের মাধ্যমে ব্যবসায়িক সিদ্ধান্ত গ্রহণে সহায়তা করতে চান। এই লক্ষ্য অর্জনের মাধ্যমে প্রতিষ্ঠানের সাফল্যে অবদান রাখতে চান।
resume_91.txt,Experience,"ডাটা অ্যানালিস্ট হিসেবে চট্টগ্রাম স্টক এক্সচেঞ্জে ডেটা অ্যানালিস্ট (ইন্টার্ন) হিসেবে এক্সেল ও গুগল শিট ব্যবহার করে কোম্পানির শেয়ার ক্লিনিং, ম্যানিপুলেশন এবং পাওয়ার বিআই দিয়ে ড্যাশবোর্ড তৈরি করা হয়েছে।"
resume_91.txt,Education,প্রার্থী চট্টগ্রাম বিশ্ববিদ্যালয় থেকে অ্যাপ্লায়েড স্ট্যাটিস্টিক্স-এ এম.এসসি সম্পন্ন করেছেন। সিজিপিএ ৪.০০ এর মধ্যে ৩.৫৫ অর্জন করেছেন।
resume_91.txt,Skill,"প্রার্থী মাইক্রোসফট এক্সেল (পিভট টেবিল, ভিলুআপ) এবং পাওয়ার বিআই ব্যবহার করে ডেটা বিশ্লেষণ করতে পারদর্শী। এছাড়া, তিনি এসকিউএল (বেসিক) ও পরিসংখ্যানগত বিশ্লেষণে দক্ষতা রাখেন।"
resume_92.txt,Objective,ডাটাবেস ও জেটপ্যাক কম্পোজ ব্যবহার করে ইউজারফ্রেন্ডলি ও পারফরম্যান্ট মোবাইল অ্যাপ্লিকেশন তৈরি করা আমার মূল লক্ষ্য।
resume_92.txt,Experience,ডাটা ডেভেলপার হিসেবে অ্যাপজিনি লিমিটেডে জুনিয়র অ্যান্ড্রয়েড ডেভেলপার হিসেবে কোটলিন ব্যবহার করে বিভিন্ন মডিউলে নতুন ফিচার ডেভেলপমেন্ট এবং বিদ্যমান অ্যাপ্লিকেশনে থার্ড-পার্টি এপিআই ইন্টিগ্রেশন সম্পন্ন করেছেন।
resume_92.txt,Education,প্রার্থী ২০১৮ থেকে ২০২২ পর্যন্ত নর্থ সাউথ ইউনিভার্সিটি থেকে কম্পিউটার সায়েন্স ও ইঞ্জিনিয়ারিং-এ বি.এসসি সম্পন্ন করেছেন। সিজিপিএ ৪.০০ এর মধ্যে ৩.৩০ অর্জন করেছেন।
resume_92.txt,Skill,"প্রার্থী কোটলিনে জাভা (অ্যান্ড্রয়েড) এবং জেটপ্যাক কম্পোজ ও এক্সএমএল ব্যবহার করে ডেটাবেস পরিচালনা করতে পারদর্শী। এছাড়া, জেটপ্যাকের কম্পোজ, এক্সএমএল এবং রেট্রোফিট ও রুম ডাটাবেস পরিচালনার অভিজ্ঞতা রয়েছে।"
resume_93.txt,Objective,ডাটা অ্যানালিস্ট হিসেবে বিজনেস ইন্টেলিজেন্স টিমের সঙ্গে কাজ করে কার্যকর অন্তর্দৃষ্টি (Actionable Insights) বের করা এবং ডেটা-চালিত সিদ্ধান্ত গ্রহণ প্রক্রিয়াকে শক্তিশালী করা।
resume_93.txt,Experience,ডাটা অ্যানালিস্ট হিসেবে ব্র্যাক ব্যাংক লিমিটেডে মার্চ ২০২২ থেকে ডেটা অ্যানালিস্ট পদে কাজ করছেন। তিনি এসকিউএল ব্যবহার করে জটিল কোয়েরি লিখে রিপোর্ট প্রস্তুত করেন।
resume_93.txt,Education,প্রার্থী ২০১৯ থেকে ২০২১ পর্যন্ত ইউনিভার্সিটি অফ ঢাকা থেকে ম্যানেজমেন্ট ইনফরমেশন সিস্টেমসে এমবিএ (ম্যানেজমেন্ট ইনফরমেশন সিস্টেমস) সম্পন্ন করেছেন। সিজিপিএ ৪.০০ এর মধ্যে ৩.৬০ অর্জন করেছেন।
resume_93.txt,Skill,"প্রার্থী এসকিউএল (অ্যাডভান্সড) ব্যবহার করে ডেটা বিশ্লেষণ করতে পারদর্শী। টেবলো ও পাওয়ার বিআই দিয়ে পাইথন (পান্ডাস, নামপাই) প্রোগ্রামিং ভাষায় দক্ষতা রয়েছে।"
resume_94.txt,Objective,ডাটাস্ক্রিপ্ট ফ্রেমওয়ার্ক ব্যবহার করে স্কেলেবল ও পারফরম্যান্ট ফ্রন্টএন্ড সমাধান তৈরি করা আমার লক্ষ্য।
resume_94.txt,Experience,ডাটা ডেভেলপার হিসেবে ক্রিয়েটিভ ইট লিমিটেডে ফ্রন্টএন্ড ডেভেলপার হিসেবে রিয়েক্ট.জেএস ব্যবহার করে সিঙ্গেল পেজ অ্যাপ্লিকেশন (SPA) তৈরি করছেন। Redux Toolkit ব্যবহার করে স্টেট ম্যানেজমেন্টে দক্ষতা অর্জন করেছেন।
resume_94.txt,Education,প্রার্থী ২০১৮ থেকে ২০২২ পর্যন্ত জাহাঙ্গীরনগর বিশ্ববিদ্যালয় থেকে কম্পিউটার সায়েন্স ও ইঞ্জিনিয়ারিং-এ বি.এসসি সম্পন্ন করেছেন। সিজিপিএ ৪.০০ এর মধ্যে ৩.২৫ অর্জন করেছেন।
resume_94.txt,Skill,"প্রার্থী রিয়েক্ট.জেএস ব্যবহার করে জাভাস্ক্রিপ্ট (ES6) ও HTML5, CSS3 এবং টেইলউইন্ড সিএসএস৩ ব্যবহার করে ওয়েব ডেভেলপমেন্টে পারদর্শী। তিনি এইচটিএমএল৫, সিএসএস ৩ এবং বুটস্ট্র্যাপ ব্যবহার করে ভিজুয়ালাইজেশন করতে সক্ষম।"
resume_95.txt,Objective,প্রার্থী এন্ট্রি-লেভেল ডেটা অ্যানালিস্ট হিসেবে কাজ করে বাস্তব-জীবনের ডেটা সম্পর্কে অভিজ্ঞতা অর্জন করতে ইচ্ছুক। এই লক্ষ্য অর্জনের মাধ্যমে ডেটা সায়েন্সের ক্ষেত্রে দক্ষতা বৃদ্ধি করা।
resume_95.txt,Experience,ডাটা অ্যানালিস্ট ইন্টার্ন হিসেবে সিলেট আইটি পার্কে জুলাই ২০২৩ থেকে ডিসেম্বর ২০২৩ পর্যন্ত এসকিউএল ব্যবহার করে বিভিন্ন ডাটাবেস থেকে ডেটা এক্সট্র্যাক্ট করা হয়েছে। পাইথন প্রোগ্রামিং ভাষা ও লাইব্রেরি ব্যবহার করে ডেটা ক্লিনিং ও এক্সপ্লোরেটরি ডেটা বিশ্লেষণ (EDA) সম্পন্ন করেছেন।
resume_95.txt,Education,প্রার্থী ২০১৯ থেকে ২০২৩ পর্যন্ত শাহজালাল বিজ্ঞান ও প্রযুক্তি বিশ্ববিদ্যালয় থেকে কম্পিউটার সায়েন্স ও ইঞ্জিনিয়ারিং-এ বি.এসসি সম্পন্ন করেছেন। সিজিপিএ ৪.০০ এর মধ্যে ৩.১৫ অর্জন করেছেন।
resume_95.txt,Skill,প্রার্থী পাইথন (পান্ডাস) ও মাইএসকিউএল ব্যবহার করে ডেটা প্রক্রিয়াকরণে পারদর্শী। এছাড়া ম্যাটপ্লটলিব (বেসিক) প্রোগ্রামিং ভাষায় দক্ষতা রয়েছে।
resume_96.txt,Objective,ডাটাসার্ভিস-ভিত্তিক অ্যাপ্লিকেশন তৈরি করতে ইচ্ছুক। জাভা ও স্প্রিং বুট ফ্রেমওয়ার্ক ব্যবহার করে মাইক্রোসার্ভিসভিত্তিক অ্যাপ্লিকেশন ডেভেলপ করতে চাই।
resume_96.txt,Experience,ডাটা ইঞ্জিনিয়ার হিসেবে ব্রেইনস্টেশন-২৩ থেকে ট্রেইনি সফটওয়্যার ইঞ্জিনিয়ার হিসেবে কাজ করছেন। জাভা ও স্প্রিং বুট প্র্যাকটিস এবং রেস্টফুল ওয়েব সার্ভিস ডেভেলপমেন্টে পারদর্শী।
resume_96.txt,Education,প্রার্থী ২০১৮ থেকে ২০২২ পর্যন্ত বগুড়া বিজ্ঞান ও প্রযুক্তি বিশ্ববিদ্যালয় থেকে কম্পিউটার সায়েন্স ও ইঞ্জিনিয়ারিং-এ বি.এসসি সম্পন্ন করেছেন। সিজিপিএ ৪.০০ এর মধ্যে ৩.৫০ অর্জন করেছেন।
resume_96.txt,Skill,"প্রার্থী জাভা (কোর জাভা, জেডিবিসি) এবং স্প্রিং বুট (বেসিক) ব্যবহার করে অ্যাপ্লিকেশন ডেভেলপমেন্টে পারদর্শী। এছাড়া মাইএসকিউএল ডেটাবেস পরিচালনা করতে সক্ষম।"
resume_97.txt,Objective,প্রার্থী গবেষণামূলক প্রতিষ্ঠানে জুনিয়র ডেটা অ্যানালিস্ট হিসেবে কাজ করে পরিসংখ্যানগত জ্ঞান ও ডেটা ভিজুয়ালাইজেশন দক্ষতা ব্যবহার করে অর্থপূর্ণ প্যাটার্ন ও প্রবণতা আবিষ্কার করতে ইচ্ছুক। এই লক্ষ্য অর্জনের মাধ্যমে প্রতিষ্ঠানের সাফল্যে অবদান রাখতে চান।
resume_97.txt,Experience,"প্রার্থী রিসার্চ অ্যাসিস্ট্যান্ট (ডেটা পার্ট) হিসেবে ময়মনসিংহ মেডিকেল কলেজ থেকে জুলাই ২০২৩ থেকে ডিসেম্বর ২০২৩ পর্যন্ত ফিল্ড সার্ভে থেকে ডেটা সংগ্রহ ও এন্ট্রি, SPSS সফটওয়্যার ব্যবহার করে ডেটা ক্লিনিং এবং বেসিক বিশ্লেষণে পারদর্শী।"
resume_97.txt,Education,প্রার্থী ২০২১ থেকে ২০২৩ পর্যন্ত ময়মনসিংহ কৃষি বিশ্ববিদ্যালয় থেকে স্ট্যাটিস্টিক্স-এ এম.এসসি সম্পন্ন করেছেন। সিজিপিএ ৪.০০ এর মধ্যে ৩.৪৮ অর্জন করেছেন।
resume_97.txt,Skill,"প্রার্থী মাইক্রোসফট এক্সেল (অ্যাডভান্সড) ও পাওয়ার বিআই ব্যবহার করে ডেটাবেস পরিচালনা করতে পারদর্শী। এছাড়া, পাওয়ারবিআই দিয়ে প্রোগ্রামিং দক্ষতা বৃদ্ধি করতে সক্ষম।"
resume_98.txt,Objective,প্রার্থী জাভাস্ক্রিপ্ট ও পাইথন-ভিত্তিক প্রযুক্তি ব্যবহার করে এন্ড-টু-এন্ড ওয়েব অ্যাপ্লিকেশন তৈরি করার দক্ষতা অর্জন করতে চান। এই লক্ষ্য অর্জনের মাধ্যমে প্রতিষ্ঠানের সাফল্যে অবদান রাখতে চান।
resume_98.txt,Experience,হিসেবে কুমিল্লা আইটি ইনস্টিটিউটে ওয়েব ডেভেলপমেন্ট ইন্টার্ন হিসেবে রিয়েক্ট ও নোড.জেএসের উপর হাতে-কলমে প্রশিক্ষণ নেওয়া হয়েছে। এক্সপ্রেস.জেস ও মঙ্গোডিবি ব্যবহার করে একটি ওয়েব ওয়েবসাইটের ব্যাকএন্ড ও ফ্রন্টএন্ড সংযোগ করা হয়েছে।
resume_98.txt,Education,প্রার্থী ২০১৯ থেকে ২০২৩ পর্যন্ত কুমিল্লা বিশ্ববিদ্যালয় থেকে কম্পিউটার সায়েন্স ও ইঞ্জিনিয়ারিং-এ বি.এসসি সম্পন্ন করেছেন। সিজিপিএ ৪.০০ এর মধ্যে ৩.২০ অর্জন করেছেন।
resume_98.txt,Skill,ডাটাবেস এবং রিয়েক্ট.জেএস ব্যবহার করে জাভাস্ক্রিপ্ট তৈরি করতে পারদর্শী। নোড/জেএস ও এক্সপ্রেস.জেএসএস ব্যবহার করে মঙ্গোডিবিতে ওয়েব ডেভেলপমেন্টে দক্ষতা রয়েছে।
resume_99.txt,Objective,প্রার্থী মার্কেটিং ক্যাম্পেইনের কার্যকারিতা মাপতে এবং গ্রাহক বিভক্তি (Customer Segmentation) ব্যবহার করতে ইচ্ছুক। এই লক্ষ্য অর্জনের জন্য তিনি বিপণন কৌশল ও গ্রাহক সেবার মান উন্নত করতে চান।
resume_99.txt,Experience,প্রার্থী সোশ্যালস্পার্ক লিমিটেডে ডেটা অ্যানালিস্ট হিসেবে গুগল অ্যানালিটিক্স ও ফেসবুক ইনসাইটস ব্যবহার করে ক্লায়েন্টদের ওয়েবসাইট ও সোশ্যাল মিডিয়া পারফরম্যান্স রিপোর্ট তৈরি করছেন। এসকিউএল ব্যবহার করে গ্রাহকের আচরণ সংক্রান্ত ডেটা বিশ্লেষণ করা হয়েছে।
resume_99.txt,Education,"প্রার্থী ২০১৮ থেকে ২০২২ পর্যন্ত ইন্ডিপেন্ডেন্ট ইউনিভার্সিটি, বাংলাদেশ থেকে মার্কেটিং-এ বি.বি.এ সম্পন্ন করেছেন। সিজিপিএ ৪.০০ এর মধ্যে ৩.৫৫ অর্জন করেছেন।"
resume_99.txt,Skill,"ডাটা বিশ্লেষণে গুগল অ্যানালিটিক্স, এসকিউএল এবং পাওয়ার বিআই ব্যবহার করে দক্ষতা রয়েছে।"
